Timecode,BlendShapeCount,EyeBlinkLeft,EyeLookDownLeft,EyeLookInLeft,EyeLookOutLeft,EyeLookUpLeft,EyeSquintLeft,EyeWideLeft,EyeBlinkRight,EyeLookDownRight,EyeLookInRight,EyeLookOutRight,EyeLookUpRight,EyeSquintRight,EyeWideRight,JawForward,JawLeft,JawRight,JawOpen,MouthClose,MouthFunnel,MouthPucker,MouthLeft,MouthRight,MouthSmileLeft,MouthSmileRight,MouthFrownLeft,MouthFrownRight,MouthDimpleLeft,MouthDimpleRight,MouthStretchLeft,MouthStretchRight,MouthRollLower,MouthRollUpper,MouthShrugLower,MouthShrugUpper,MouthPressLeft,MouthPressRight,MouthLowerDownLeft,MouthLowerDownRight,MouthUpperUpLeft,MouthUpperUpRight,BrowDownLeft,BrowDownRight,BrowInnerUp,BrowOuterUpLeft,BrowOuterUpRight,CheekPuff,CheekSquintLeft,CheekSquintRight,NoseSneerLeft,NoseSneerRight,TongueOut,HeadYaw,HeadPitch,HeadRoll,LeftEyeYaw,LeftEyePitch,LeftEyeRoll,RightEyeYaw,RightEyePitch,RightEyeRoll
00:00:00:00,61,0.000000,0.000000,0.000000,0.000000,0.000000,0.000000,0.000000,0.000000,0.000000,0.000000,0.000000,0.000000,0.000000,0.000000,0.000000,0.000000,0.000000,0.248500,0.000000,0.083800,0.072900,0.000000,0.000000,0.000000,0.000000,0.000000,0.000000,0.000500,0.000500,0.000700,0.000700,0.000100,0.000000,0.000200,0.000000,0.000000,0.000000,0.034800,0.034800,0.000100,0.000100,0.000000,0.000000,0.000000,0.000000,0.000000,0.000000,0.000000,0.000000,0.000000,0.000000,0.000000,0.000000,0.000000,0.000000,0.000000,0.000000,0.000000,0.000000,0.000000,0.000000
00:00:00:01,61,0.000000,0.000000,0.000000,0.000000,0.000000,0.000000,0.000000,0.000000,0.000000,0.000000,0.000000,0.000000,0.000000,0.000000,0.000000,0.000000,0.000000,0.243050,0.000000,0.084200,0.073463,0.000000,0.000000,0.000000,0.000000,0.000000,0.000000,0.000500,0.000500,0.000706,0.000706,0.000335,0.000003,0.000605,0.000000,0.000003,0.000003,0.034700,0.034700,0.000420,0.000420,0.000000,0.000000,0.000000,0.000000,0.000000,0.000000,0.000000,0.000000,0.000000,0.000000,0.000220,0.000000,0.000000,0.000000,0.000000,0.000000,0.000000,0.000000,0.000000,0.000000
00:00:00:02,61,0.000000,0.000000,0.000000,0.000000,0.000000,0.000000,0.000000,0.000000,0.000000,0.000000,0.000000,0.000000,0.000000,0.000000,0.000000,0.000000,0.000000,0.237600,0.000000,0.084600,0.074025,0.000000,0.000000,0.000000,0.000000,0.000000,0.000000,0.000500,0.000500,0.000712,0.000712,0.000570,0.000006,0.001010,0.000000,0.000006,0.000006,0.034600,0.034600,0.000740,0.000740,0.000000,0.000000,0.000000,0.000000,0.000000,0.000000,0.000000,0.000000,0.000000,0.000000,0.000440,0.000000,0.000000,0.000000,0.000000,0.000000,0.000000,0.000000,0.000000,0.000000
00:00:00:03,61,0.000000,0.000000,0.000000,0.000000,0.000000,0.000000,0.000000,0.000000,0.000000,0.000000,0.000000,0.000000,0.000000,0.000000,0.000000,0.000000,0.000000,0.250550,0.000000,0.085000,0.074588,0.000000,0.000000,0.000000,0.000000,0.000000,0.000000,0.000500,0.000500,0.000718,0.000718,0.000805,0.000009,0.001415,0.000000,0.000009,0.000009,0.037600,0.037600,0.001060,0.001060,0.000000,0.000000,0.000000,0.000000,0.000000,0.000000,0.000000,0.000000,0.000000,0.000000,0.000660,0.000000,0.000000,0.000000,0.000000,0.000000,0.000000,0.000000,0.000000,0.000000
00:00:00:04,61,0.000000,0.000000,0.000000,0.000000,0.000000,0.000000,0.000000,0.000000,0.000000,0.000000,0.000000,0.000000,0.000000,0.000000,0.000000,0.000000,0.000000,0.263500,0.000000,0.085400,0.075150,0.000000,0.000000,0.000000,0.000000,0.000000,0.000000,0.000500,0.000500,0.000724,0.000724,0.001040,0.000012,0.001820,0.000000,0.000012,0.000012,0.040600,0.040600,0.001380,0.001380,0.000000,0.000000,0.000000,0.000000,0.000000,0.000000,0.000000,0.000000,0.000000,0.000000,0.000880,0.000000,0.000000,0.000000,0.000000,0.000000,0.000000,0.000000,0.000000,0.000000
00:00:00:05,61,0.000000,0.000000,0.000000,0.000000,0.000000,0.000000,0.000000,0.000000,0.000000,0.000000,0.000000,0.000000,0.000000,0.000000,0.000000,0.000000,0.000000,0.297600,0.000000,0.085800,0.075713,0.000000,0.000000,0.000000,0.000000,0.000000,0.000000,0.000500,0.000500,0.000729,0.000729,0.001275,0.000015,0.002225,0.000000,0.000015,0.000015,0.051500,0.051500,0.001700,0.001700,0.000000,0.000000,0.000000,0.000000,0.000000,0.000000,0.000000,0.000000,0.000000,0.000000,0.001100,0.000000,0.000000,0.000000,0.000000,0.000000,0.000000,0.000000,0.000000,0.000000
00:00:00:06,61,0.000000,0.000000,0.000000,0.000000,0.000000,0.000000,0.000000,0.000000,0.000000,0.000000,0.000000,0.000000,0.000000,0.000000,0.000000,0.000000,0.000000,0.331700,0.000000,0.086200,0.076275,0.000000,0.000000,0.000000,0.000000,0.000000,0.000000,0.000500,0.000500,0.000735,0.000735,0.001510,0.000018,0.002630,0.000000,0.000018,0.000018,0.062400,0.062400,0.002020,0.002020,0.000000,0.000000,0.000000,0.000000,0.000000,0.000000,0.000000,0.000000,0.000000,0.000000,0.001320,0.000000,0.000000,0.000000,0.000000,0.000000,0.000000,0.000000,0.000000,0.000000
00:00:00:07,61,0.000000,0.000000,0.000000,0.000000,0.000000,0.000000,0.000000,0.000000,0.000000,0.000000,0.000000,0.000000,0.000000,0.000000,0.000000,0.000000,0.000000,0.345400,0.000000,0.086600,0.076838,0.000000,0.000000,0.000000,0.000000,0.000000,0.000000,0.000500,0.000500,0.000741,0.000741,0.001745,0.000021,0.003035,0.000000,0.000021,0.000021,0.069900,0.069900,0.002340,0.002340,0.000000,0.000000,0.000000,0.000000,0.000000,0.000000,0.000000,0.000000,0.000000,0.000000,0.001540,0.000000,0.000000,0.000000,0.000000,0.000000,0.000000,0.000000,0.000000,0.000000
00:00:00:08,61,0.000000,0.000000,0.000000,0.000000,0.000000,0.000000,0.000000,0.000000,0.000000,0.000000,0.000000,0.000000,0.000000,0.000000,0.000000,0.000000,0.000000,0.359100,0.000000,0.087000,0.077400,0.000000,0.000000,0.000000,0.000000,0.000000,0.000000,0.000500,0.000500,0.000747,0.000747,0.001980,0.000024,0.003440,0.000000,0.000024,0.000024,0.077400,0.077400,0.002660,0.002660,0.000000,0.000000,0.000000,0.000000,0.000000,0.000000,0.000000,0.000000,0.000000,0.000000,0.001760,0.000000,0.000000,0.000000,0.000000,0.000000,0.000000,0.000000,0.000000,0.000000
00:00:00:09,61,0.000000,0.000000,0.000000,0.000000,0.000000,0.000000,0.000000,0.000000,0.000000,0.000000,0.000000,0.000000,0.000000,0.000000,0.000000,0.000000,0.000000,0.379350,0.000000,0.103725,0.092075,0.000000,0.000000,0.000000,0.000000,0.000000,0.000000,0.000500,0.000500,0.000753,0.000753,0.002215,0.000026,0.003845,0.000000,0.000026,0.000026,0.073650,0.073650,0.002980,0.002980,0.000000,0.000000,0.000000,0.000000,0.000000,0.000000,0.000000,0.000000,0.000000,0.000000,0.001980,0.000000,0.000000,0.000000,0.000000,0.000000,0.000000,0.000000,0.000000,0.000000
00:00:00:10,61,0.000000,0.000000,0.000000,0.000000,0.000000,0.000000,0.000000,0.000000,0.000000,0.000000,0.000000,0.000000,0.000000,0.000000,0.000000,0.000000,0.000000,0.399600,0.000000,0.120450,0.106750,0.000000,0.000000,0.000000,0.000000,0.000000,0.000000,0.000500,0.000500,0.000759,0.000759,0.002450,0.000029,0.004250,0.000000,0.000029,0.000029,0.069900,0.069900,0.003300,0.003300,0.000000,0.000000,0.000000,0.000000,0.000000,0.000000,0.000000,0.000000,0.000000,0.000000,0.002200,0.000000,0.000000,0.000000,0.000000,0.000000,0.000000,0.000000,0.000000,0.000000
00:00:00:11,61,0.000000,0.000000,0.000000,0.000000,0.000000,0.000000,0.000000,0.000000,0.000000,0.000000,0.000000,0.000000,0.000000,0.000000,0.000000,0.000000,0.000000,0.422200,0.000000,0.137175,0.121425,0.000000,0.000000,0.000000,0.000000,0.000000,0.000000,0.000500,0.000500,0.000765,0.000765,0.002685,0.000032,0.004655,0.000000,0.000032,0.000032,0.066150,0.066150,0.004800,0.004800,0.000000,0.000000,0.000000,0.000000,0.000000,0.000000,0.000000,0.000000,0.000000,0.000000,0.005150,0.000000,0.000000,0.000000,0.000000,0.000000,0.000000,0.000000,0.000000,0.000000
00:00:00:12,61,0.000000,0.000000,0.000000,0.000000,0.000000,0.000000,0.000000,0.000000,0.000000,0.000000,0.000000,0.000000,0.000000,0.000000,0.000000,0.000000,0.000000,0.444800,0.000000,0.153900,0.136100,0.000000,0.000000,0.000000,0.000000,0.000000,0.000000,0.000500,0.000500,0.000771,0.000771,0.002920,0.000035,0.005060,0.000000,0.000035,0.000035,0.062400,0.062400,0.006300,0.006300,0.000000,0.000000,0.000000,0.000000,0.000000,0.000000,0.000000,0.000000,0.000000,0.000000,0.008100,0.000000,0.000000,0.000000,0.000000,0.000000,0.000000,0.000000,0.000000,0.000000
00:00:00:13,61,0.000000,0.000000,0.000000,0.000000,0.000000,0.000000,0.000000,0.000000,0.000000,0.000000,0.000000,0.000000,0.000000,0.000000,0.000000,0.000000,0.000000,0.447250,0.000000,0.170625,0.150775,0.000000,0.000000,0.000000,0.000000,0.000000,0.000000,0.000500,0.000500,0.000776,0.000776,0.003155,0.000038,0.005465,0.000000,0.000038,0.000038,0.060350,0.060350,0.007800,0.007800,0.000000,0.000000,0.000000,0.000000,0.000000,0.000000,0.000000,0.000000,0.000000,0.000000,0.011050,0.000000,0.000000,0.000000,0.000000,0.000000,0.000000,0.000000,0.000000,0.000000
00:00:00:14,61,0.000000,0.000000,0.000000,0.000000,0.000000,0.000000,0.000000,0.000000,0.000000,0.000000,0.000000,0.000000,0.000000,0.000000,0.000000,0.000000,0.000000,0.449700,0.000000,0.187350,0.165450,0.000000,0.000000,0.000000,0.000000,0.000000,0.000000,0.000500,0.000500,0.000782,0.000782,0.003390,0.000041,0.005870,0.000000,0.000041,0.000041,0.058300,0.058300,0.009300,0.009300,0.000000,0.000000,0.000000,0.000000,0.000000,0.000000,0.000000,0.000000,0.000000,0.000000,0.014000,0.000000,0.000000,0.000000,0.000000,0.000000,0.000000,0.000000,0.000000,0.000000
00:00:00:15,61,0.000000,0.000000,0.000000,0.000000,0.000000,0.000000,0.000000,0.000000,0.000000,0.000000,0.000000,0.000000,0.000000,0.000000,0.000000,0.000000,0.000000,0.434000,0.000000,0.204075,0.180125,0.000000,0.000000,0.000000,0.000000,0.000000,0.000000,0.000500,0.000500,0.000788,0.000788,0.003625,0.000044,0.006275,0.000000,0.000044,0.000044,0.051450,0.051450,0.016250,0.016250,0.000000,0.000000,0.000000,0.000000,0.000000,0.000000,0.000000,0.000000,0.000000,0.000000,0.029675,0.000000,0.000000,0.000000,0.000000,0.000000,0.000000,0.000000,0.000000,0.000000
00:00:00:16,61,0.000000,0.000000,0.000000,0.000000,0.000000,0.000000,0.000000,0.000000,0.000000,0.000000,0.000000,0.000000,0.000000,0.000000,0.000000,0.000000,0.000000,0.418300,0.000000,0.220800,0.194800,0.000000,0.000000,0.000000,0.000000,0.000000,0.000000,0.000500,0.000500,0.000794,0.000794,0.003860,0.000047,0.006680,0.000000,0.000047,0.000047,0.044600,0.044600,0.023200,0.023200,0.000000,0.000000,0.000000,0.000000,0.000000,0.000000,0.000000,0.000000,0.000000,0.000000,0.045350,0.000000,0.000000,0.000000,0.000000,0.000000,0.000000,0.000000,0.000000,0.000000
00:00:00:17,61,0.000000,0.000000,0.000000,0.000000,0.000000,0.000000,0.000000,0.000000,0.000000,0.000000,0.000000,0.000000,0.000000,0.000000,0.000000,0.000000,0.000000,0.397900,0.000000,0.224900,0.201900,0.000000,0.000000,0.000000,0.000000,0.000000,0.000000,0.000500,0.000500,0.000800,0.000800,0.004095,0.000050,0.007085,0.000000,0.000050,0.000050,0.038800,0.038800,0.030150,0.030150,0.000000,0.000000,0.000000,0.000000,0.000000,0.000000,0.000000,0.000000,0.000000,0.000000,0.061025,0.000000,0.000000,0.000000,0.000000,0.000000,0.000000,0.000000,0.000000,0.000000
00:00:00:18,61,0.000000,0.000000,0.000000,0.000000,0.000000,0.000000,0.000000,0.000000,0.000000,0.000000,0.000000,0.000000,0.000000,0.000000,0.000000,0.000000,0.000000,0.377500,0.000000,0.229000,0.209000,0.000000,0.000000,0.000000,0.000000,0.000000,0.000000,0.000500,0.000500,0.000806,0.000806,0.004330,0.000053,0.007490,0.000000,0.000053,0.000053,0.033000,0.033000,0.037100,0.037100,0.000000,0.000000,0.000000,0.000000,0.000000,0.000000,0.000000,0.000000,0.000000,0.000000,0.076700,0.000000,0.000000,0.000000,0.000000,0.000000,0.000000,0.000000,0.000000,0.000000
00:00:00:19,61,0.000000,0.000000,0.000000,0.000000,0.000000,0.000000,0.000000,0.000000,0.000000,0.000000,0.000000,0.000000,0.000000,0.000000,0.000000,0.000000,0.000000,0.372850,0.000000,0.261433,0.240250,0.000000,0.000000,0.000000,0.000000,0.000000,0.000000,0.000500,0.000500,0.000812,0.000812,0.004565,0.000056,0.007895,0.000000,0.000056,0.000056,0.031783,0.031783,0.030900,0.030900,0.000000,0.000000,0.000000,0.000000,0.000000,0.000000,0.000000,0.000000,0.000000,0.000000,0.061725,0.000000,0.000000,0.000000,0.000000,0.000000,0.000000,0.000000,0.000000,0.000000
00:00:00:20,61,0.000000,0.000000,0.000000,0.000000,0.000000,0.000000,0.000000,0.000000,0.000000,0.000000,0.000000,0.000000,0.000000,0.000000,0.000000,0.000000,0.000000,0.368200,0.000000,0.293867,0.271500,0.000000,0.000000,0.000000,0.000000,0.000000,0.000000,0.000500,0.000500,0.000818,0.000818,0.004800,0.000059,0.008300,0.000000,0.000059,0.000059,0.030567,0.030567,0.024700,0.024700,0.000000,0.000000,0.000000,0.000000,0.000000,0.000000,0.000000,0.000000,0.000000,0.000000,0.046750,0.000000,0.000000,0.000000,0.000000,0.000000,0.000000,0.000000,0.000000,0.000000
00:00:00:21,61,0.000000,0.000000,0.000000,0.000000,0.000000,0.000000,0.000000,0.000000,0.000000,0.000000,0.000000,0.000000,0.000000,0.000000,0.000000,0.000000,0.000000,0.364200,0.000000,0.326300,0.302750,0.000000,0.000000,0.000000,0.000000,0.000000,0.000000,0.000500,0.000500,0.000824,0.000824,0.007762,0.000062,0.013425,0.000000,0.000062,0.000062,0.029350,0.029350,0.021250,0.021250,0.000000,0.000000,0.000000,0.000000,0.000000,0.000000,0.000000,0.000000,0.000000,0.000000,0.031775,0.000000,0.000000,0.000000,0.000000,0.000000,0.000000,0.000000,0.000000,0.000000
00:00:00:22,61,0.000000,0.000000,0.000000,0.000000,0.000000,0.000000,0.000000,0.000000,0.000000,0.000000,0.000000,0.000000,0.000000,0.000000,0.000000,0.000000,0.000000,0.360200,0.000000,0.358733,0.334000,0.000000,0.000000,0.000000,0.000000,0.000000,0.000000,0.000500,0.000500,0.000829,0.000829,0.010725,0.000065,0.018550,0.000000,0.000065,0.000065,0.028133,0.028133,0.017800,0.017800,0.000000,0.000000,0.000000,0.000000,0.000000,0.000000,0.000000,0.000000,0.000000,0.000000,0.016800,0.000000,0.000000,0.000000,0.000000,0.000000,0.000000,0.000000,0.000000,0.000000
00:00:00:23,61,0.000000,0.000000,0.000000,0.000000,0.000000,0.000000,0.000000,0.000000,0.000000,0.000000,0.000000,0.000000,0.000000,0.000000,0.000000,0.000000,0.000000,0.365900,0.000000,0.391167,0.365250,0.000000,0.000000,0.000000,0.000000,0.000000,0.000000,0.000500,0.000500,0.000835,0.000835,0.013688,0.000068,0.023675,0.000000,0.000068,0.000068,0.026917,0.026917,0.019200,0.019200,0.000000,0.000000,0.000000,0.000000,0.000000,0.000000,0.000000,0.000000,0.000000,0.000000,0.013150,0.000000,0.000000,0.000000,0.000000,0.000000,0.000000,0.000000,0.000000,0.000000
00:00:00:24,61,0.000000,0.000000,0.000000,0.000000,0.000000,0.000000,0.000000,0.000000,0.000000,0.000000,0.000000,0.000000,0.000000,0.000000,0.000000,0.000000,0.000000,0.371600,0.000000,0.423600,0.396500,0.000000,0.000000,0.000000,0.000000,0.000000,0.000000,0.000500,0.000500,0.000841,0.000841,0.016650,0.000071,0.028800,0.000000,0.000071,0.000071,0.025700,0.025700,0.020600,0.020600,0.000000,0.000000,0.000000,0.000000,0.000000,0.000000,0.000000,0.000000,0.000000,0.000000,0.009500,0.000000,0.000000,0.000000,0.000000,0.000000,0.000000,0.000000,0.000000,0.000000
00:00:00:25,61,0.000000,0.000000,0.000000,0.000000,0.000000,0.000000,0.000000,0.000000,0.000000,0.000000,0.000000,0.000000,0.000000,0.000000,0.000000,0.000000,0.000000,0.354250,0.000000,0.413700,0.408700,0.000000,0.000000,0.000000,0.000000,0.000000,0.000000,0.000500,0.000500,0.000847,0.000847,0.019613,0.000074,0.033925,0.000000,0.000074,0.000074,0.025200,0.025200,0.022000,0.022000,0.000000,0.000000,0.000000,0.000000,0.000000,0.000000,0.000000,0.000000,0.000000,0.000000,0.005850,0.000000,0.000000,0.000000,0.000000,0.000000,0.000000,0.000000,0.000000,0.000000
00:00:00:26,61,0.000000,0.000000,0.000000,0.000000,0.000000,0.000000,0.000000,0.000000,0.000000,0.000000,0.000000,0.000000,0.000000,0.000000,0.000000,0.000000,0.000000,0.336900,0.000000,0.403800,0.420900,0.000000,0.000000,0.000000,0.000000,0.000000,0.000000,0.000500,0.000500,0.000853,0.000853,0.022575,0.000076,0.039050,0.000000,0.000076,0.000076,0.024700,0.024700,0.023400,0.023400,0.000000,0.000000,0.000000,0.000000,0.000000,0.000000,0.000000,0.000000,0.000000,0.000000,0.002200,0.000000,0.000000,0.000000,0.000000,0.000000,0.000000,0.000000,0.000000,0.000000
00:00:00:27,61,0.000000,0.000000,0.000000,0.000000,0.000000,0.000000,0.000000,0.000000,0.000000,0.000000,0.000000,0.000000,0.000000,0.000000,0.000000,0.000000,0.000000,0.322650,0.000000,0.393900,0.433100,0.000000,0.000000,0.000000,0.000000,0.000000,0.000000,0.000500,0.000500,0.000859,0.000859,0.025538,0.000079,0.044175,0.000000,0.000079,0.000079,0.024200,0.024200,0.026350,0.026350,0.000000,0.000000,0.000000,0.000000,0.000000,0.000000,0.000000,0.000000,0.000000,0.000000,0.002204,0.000000,0.000000,0.000000,0.000000,0.000000,0.000000,0.000000,0.000000,0.000000
00:00:00:28,61,0.000000,0.000000,0.000000,0.000000,0.000000,0.000000,0.000000,0.000000,0.000000,0.000000,0.000000,0.000000,0.000000,0.000000,0.000000,0.000000,0.000000,0.308400,0.000000,0.384000,0.445300,0.000000,0.000000,0.000000,0.000000,0.000000,0.000000,0.000500,0.000500,0.000865,0.000865,0.028500,0.000082,0.049300,0.000000,0.000082,0.000082,0.023700,0.023700,0.029300,0.029300,0.000000,0.000000,0.000000,0.000000,0.000000,0.000000,0.000000,0.000000,0.000000,0.000000,0.002209,0.000000,0.000000,0.000000,0.000000,0.000000,0.000000,0.000000,0.000000,0.000000
00:00:00:29,61,0.000000,0.000000,0.000000,0.000000,0.000000,0.000000,0.000000,0.000000,0.000000,0.000000,0.000000,0.000000,0.000000,0.000000,0.000000,0.000000,0.000000,0.302525,0.000000,0.356400,0.414725,0.000000,0.000000,0.000000,0.000000,0.000000,0.000000,0.000500,0.000500,0.000871,0.000871,0.040075,0.000085,0.069350,0.000000,0.000085,0.000085,0.024275,0.024275,0.040850,0.040850,0.000000,0.000000,0.000000,0.000000,0.000000,0.000000,0.000000,0.000000,0.000000,0.000000,0.002213,0.000000,0.000000,0.000000,0.000000,0.000000,0.000000,0.000000,0.000000,0.000000
00:00:00:30,61,0.000000,0.000000,0.000000,0.000000,0.000000,0.000000,0.000000,0.000000,0.000000,0.000000,0.000000,0.000000,0.000000,0.000000,0.000000,0.000000,0.000000,0.296650,0.000000,0.328800,0.384150,0.000000,0.000000,0.000000,0.000000,0.000000,0.000000,0.000500,0.000500,0.000876,0.000876,0.051650,0.000088,0.089400,0.000000,0.000088,0.000088,0.024850,0.024850,0.052400,0.052400,0.000000,0.000000,0.000000,0.000000,0.000000,0.000000,0.000000,0.000000,0.000000,0.000000,0.002217,0.000000,0.000000,0.000000,0.000000,0.000000,0.000000,0.000000,0.000000,0.000000
00:00:00:31,61,0.000000,0.000000,0.000000,0.000000,0.000000,0.000000,0.000000,0.000000,0.000000,0.000000,0.000000,0.000000,0.000000,0.000000,0.000000,0.000000,0.000000,0.290775,0.000000,0.301200,0.353575,0.000000,0.000000,0.000000,0.000000,0.000000,0.000000,0.000500,0.000500,0.000882,0.000882,0.063225,0.000091,0.109450,0.000000,0.000091,0.000091,0.025425,0.025425,0.063950,0.063950,0.000000,0.000000,0.000000,0.000000,0.000000,0.000000,0.000000,0.000000,0.000000,0.000000,0.002222,0.000000,0.000000,0.000000,0.000000,0.000000,0.000000,0.000000,0.000000,0.000000
00:00:00:32,61,0.000000,0.000000,0.000000,0.000000,0.000000,0.000000,0.000000,0.000000,0.000000,0.000000,0.000000,0.000000,0.000000,0.000000,0.000000,0.000000,0.000000,0.284900,0.000000,0.273600,0.323000,0.000000,0.000000,0.000000,0.000000,0.000000,0.000000,0.000500,0.000500,0.000888,0.000888,0.074800,0.000094,0.129500,0.000000,0.000094,0.000094,0.026000,0.026000,0.075500,0.075500,0.000000,0.000000,0.000000,0.000000,0.000000,0.000000,0.000000,0.000000,0.000000,0.000000,0.002226,0.000000,0.000000,0.000000,0.000000,0.000000,0.000000,0.000000,0.000000,0.000000
00:00:00:33,61,0.000000,0.000000,0.000000,0.000000,0.000000,0.000000,0.000000,0.000000,0.000000,0.000000,0.000000,0.000000,0.000000,0.000000,0.000000,0.000000,0.000000,0.194450,0.000000,0.153200,0.180900,0.000000,0.000000,0.000000,0.000000,0.000000,0.000000,0.000500,0.000500,0.000894,0.000894,0.172450,0.000097,0.298750,0.000000,0.000097,0.000097,0.015350,0.015350,0.173150,0.173150,0.000000,0.000000,0.000000,0.000000,0.000000,0.000000,0.000000,0.000000,0.000000,0.000000,0.002230,0.000000,0.000000,0.000000,0.000000,0.000000,0.000000,0.000000,0.000000,0.000000
00:00:00:34,61,0.000000,0.000000,0.000000,0.000000,0.000000,0.000000,0.000000,0.000000,0.000000,0.000000,0.000000,0.000000,0.000000,0.000000,0.000000,0.000000,0.000000,0.104000,0.000000,0.032800,0.038800,0.000000,0.000000,0.000000,0.000000,0.000000,0.000000,0.000500,0.000500,0.000900,0.000900,0.270100,0.000100,0.468000,0.000000,0.000100,0.000100,0.004700,0.004700,0.270800,0.270800,0.000000,0.000000,0.000000,0.000000,0.000000,0.000000,0.000000,0.000000,0.000000,0.000000,0.002235,0.000000,0.000000,0.000000,0.000000,0.000000,0.000000,0.000000,0.000000,0.000000
00:00:00:35,61,0.000000,0.000000,0.000000,0.000000,0.000000,0.000000,0.000000,0.000000,0.000000,0.000000,0.000000,0.000000,0.000000,0.000000,0.000000,0.000000,0.000000,0.213700,0.000000,0.131350,0.158600,0.000000,0.000000,0.000000,0.000000,0.000000,0.000000,0.001506,0.001506,0.002367,0.002367,0.167900,0.000483,0.290200,0.000000,0.000983,0.000983,0.019450,0.019450,0.168250,0.168250,0.000000,0.000000,0.000000,0.000000,0.000000,0.000000,0.000000,0.000000,0.000000,0.000000,0.002239,0.000000,0.000000,0.000000,0.000000,0.000000,0.000000,0.000000,0.000000,0.000000
00:00:00:36,61,0.000000,0.000000,0.000000,0.000000,0.000000,0.000000,0.000000,0.000000,0.000000,0.000000,0.000000,0.000000,0.000000,0.000000,0.000000,0.000000,0.000000,0.323400,0.000000,0.229900,0.278400,0.000000,0.000000,0.000000,0.000000,0.000000,0.000000,0.002511,0.002511,0.003833,0.003833,0.065700,0.000867,0.112400,0.000000,0.001867,0.001867,0.034200,0.034200,0.065700,0.065700,0.000000,0.000000,0.000000,0.000000,0.000000,0.000000,0.000000,0.000000,0.000000,0.000000,0.002243,0.000000,0.000000,0.000000,0.000000,0.000000,0.000000,0.000000,0.000000,0.000000
00:00:00:37,61,0.000000,0.000000,0.000000,0.000000,0.000000,0.000000,0.000000,0.000000,0.000000,0.000000,0.000000,0.000000,0.000000,0.000000,0.000000,0.000000,0.000000,0.331950,0.000000,0.224800,0.276850,0.000000,0.000000,0.000000,0.000000,0.000000,0.000000,0.003517,0.003517,0.005300,0.005300,0.055175,0.001250,0.093500,0.000000,0.002750,0.002750,0.035625,0.035625,0.054775,0.054775,0.000000,0.000000,0.000000,0.000000,0.000000,0.000000,0.000000,0.000000,0.000000,0.000000,0.002248,0.000000,0.000000,0.000000,0.000000,0.000000,0.000000,0.000000,0.000000,0.000000
00:00:00:38,61,0.000000,0.000000,0.000000,0.000000,0.000000,0.000000,0.000000,0.000000,0.000000,0.000000,0.000000,0.000000,0.000000,0.000000,0.000000,0.000000,0.000000,0.340500,0.000000,0.219700,0.275300,0.000000,0.000000,0.000000,0.000000,0.000000,0.000000,0.004522,0.004522,0.006767,0.006767,0.044650,0.001633,0.074600,0.000000,0.003633,0.003633,0.037050,0.037050,0.043850,0.043850,0.000000,0.000000,0.000000,0.000000,0.000000,0.000000,0.000000,0.000000,0.000000,0.000000,0.002252,0.000000,0.000000,0.000000,0.000000,0.000000,0.000000,0.000000,0.000000,0.000000
00:00:00:39,61,0.000000,0.000000,0.000000,0.000000,0.000000,0.000000,0.000000,0.000000,0.000000,0.000000,0.000000,0.000000,0.000000,0.000000,0.000000,0.000000,0.000000,0.349050,0.000000,0.214600,0.273750,0.000000,0.000000,0.000000,0.000000,0.000000,0.000000,0.005528,0.005528,0.008233,0.008233,0.034125,0.002017,0.055700,0.000000,0.004517,0.004517,0.038475,0.038475,0.032925,0.032925,0.000000,0.000000,0.000000,0.000000,0.000000,0.000000,0.000000,0.000000,0.000000,0.000000,0.002257,0.000000,0.000000,0.000000,0.000000,0.000000,0.000000,0.000000,0.000000,0.000000
00:00:00:40,61,0.000000,0.000000,0.000000,0.000000,0.000000,0.000000,0.000000,0.000000,0.000000,0.000000,0.000000,0.000000,0.000000,0.000000,0.000000,0.000000,0.000000,0.357600,0.000000,0.209500,0.272200,0.000000,0.000000,0.000000,0.000000,0.000000,0.000000,0.006533,0.006533,0.009700,0.009700,0.023600,0.002400,0.036800,0.000000,0.005400,0.005400,0.039900,0.039900,0.022000,0.022000,0.000000,0.000000,0.000000,0.000000,0.000000,0.000000,0.000000,0.000000,0.000000,0.000000,0.002261,0.000000,0.000000,0.000000,0.000000,0.000000,0.000000,0.000000,0.000000,0.000000
00:00:00:41,61,0.000000,0.000000,0.000000,0.000000,0.000000,0.000000,0.000000,0.000000,0.000000,0.000000,0.000000,0.000000,0.000000,0.000000,0.000000,0.000000,0.000000,0.384350,0.000000,0.182675,0.234850,0.000000,0.000000,0.000000,0.000000,0.000000,0.000000,0.007539,0.007539,0.011167,0.011167,0.022450,0.004150,0.031775,0.000000,0.009383,0.009383,0.046600,0.046600,0.019100,0.019100,0.000000,0.000000,0.000000,0.000000,0.000000,0.000000,0.000000,0.000000,0.000000,0.000000,0.002265,0.000000,0.000000,0.000000,0.000000,0.000000,0.000000,0.000000,0.000000,0.000000
00:00:00:42,61,0.000000,0.000000,0.000000,0.000000,0.000000,0.000000,0.000000,0.000000,0.000000,0.000000,0.000000,0.000000,0.000000,0.000000,0.000000,0.000000,0.000000,0.411100,0.000000,0.155850,0.197500,0.000000,0.000000,0.000000,0.000000,0.000000,0.000000,0.008544,0.008544,0.012633,0.012633,0.021300,0.005900,0.026750,0.000000,0.013367,0.013367,0.053300,0.053300,0.016200,0.016200,0.000000,0.000000,0.000000,0.000000,0.000000,0.000000,0.000000,0.000000,0.000000,0.000000,0.002270,0.000000,0.000000,0.000000,0.000000,0.000000,0.000000,0.000000,0.000000,0.000000
00:00:00:43,61,0.000000,0.000000,0.000000,0.000000,0.000000,0.000000,0.000000,0.000000,0.000000,0.000000,0.000000,0.000000,0.000000,0.000000,0.000000,0.000000,0.000000,0.437850,0.000000,0.129025,0.160150,0.000000,0.000000,0.000000,0.000000,0.000000,0.000000,0.009550,0.009550,0.014100,0.014100,0.020150,0.007650,0.021725,0.000000,0.017350,0.017350,0.060000,0.060000,0.013300,0.013300,0.000000,0.000000,0.000000,0.000000,0.000000,0.000000,0.000000,0.000000,0.000000,0.000000,0.002274,0.000000,0.000000,0.000000,0.000000,0.000000,0.000000,0.000000,0.000000,0.000000
00:00:00:44,61,0.000000,0.000000,0.000000,0.000000,0.000000,0.000000,0.000000,0.000000,0.000000,0.000000,0.000000,0.000000,0.000000,0.000000,0.000000,0.000000,0.000000,0.464600,0.000000,0.102200,0.122800,0.000000,0.000000,0.000000,0.000000,0.000000,0.000000,0.010556,0.010556,0.015567,0.015567,0.019000,0.009400,0.016700,0.000000,0.021333,0.021333,0.066700,0.066700,0.010400,0.010400,0.000000,0.000000,0.000000,0.000000,0.000000,0.000000,0.000000,0.000000,0.000000,0.000000,0.002278,0.000000,0.000000,0.000000,0.000000,0.000000,0.000000,0.000000,0.000000,0.000000
00:00:00:45,61,0.000000,0.000000,0.000000,0.000000,0.000000,0.000000,0.000000,0.000000,0.000000,0.000000,0.000000,0.000000,0.000000,0.000000,0.000000,0.000000,0.000000,0.478800,0.000000,0.090675,0.108425,0.000000,0.000000,0.000000,0.000000,0.000000,0.000000,0.011561,0.011561,0.017033,0.017033,0.019800,0.011150,0.015050,0.000000,0.025317,0.025317,0.069650,0.069650,0.009440,0.009440,0.000000,0.000000,0.000000,0.000000,0.000000,0.000000,0.000000,0.000000,0.000000,0.000000,0.002283,0.000000,0.000000,0.000000,0.000000,0.000000,0.000000,0.000000,0.000000,0.000000
00:00:00:46,61,0.000000,0.000000,0.000000,0.000000,0.000000,0.000000,0.000000,0.000000,0.000000,0.000000,0.000000,0.000000,0.000000,0.000000,0.000000,0.000000,0.000000,0.493000,0.000000,0.079150,0.094050,0.000000,0.000000,0.000000,0.000000,0.000000,0.000000,0.012567,0.012567,0.018500,0.018500,0.020600,0.012900,0.013400,0.000000,0.029300,0.029300,0.072600,0.072600,0.008480,0.008480,0.000000,0.000000,0.000000,0.000000,0.000000,0.000000,0.000000,0.000000,0.000000,0.000000,0.002287,0.000000,0.000000,0.000000,0.000000,0.000000,0.000000,0.000000,0.000000,0.000000
00:00:00:47,61,0.000000,0.000000,0.000000,0.000000,0.000000,0.000000,0.000000,0.000000,0.000000,0.000000,0.000000,0.000000,0.000000,0.000000,0.000000,0.000000,0.000000,0.491500,0.000000,0.067625,0.079675,0.000000,0.000000,0.000000,0.000000,0.000000,0.000000,0.013572,0.013572,0.019967,0.019967,0.026017,0.019267,0.011750,0.000000,0.043767,0.043767,0.073000,0.073000,0.007520,0.007520,0.000000,0.000000,0.000000,0.000000,0.000000,0.000000,0.000000,0.000000,0.000000,0.000000,0.002291,0.000000,0.000000,0.000000,0.000000,0.000000,0.000000,0.000000,0.000000,0.000000
00:00:00:48,61,0.000000,0.000000,0.000000,0.000000,0.000000,0.000000,0.000000,0.000000,0.000000,0.000000,0.000000,0.000000,0.000000,0.000000,0.000000,0.000000,0.000000,0.490000,0.000000,0.056100,0.065300,0.000000,0.000000,0.000000,0.000000,0.000000,0.000000,0.014578,0.014578,0.021433,0.021433,0.031433,0.025633,0.010100,0.000000,0.058233,0.058233,0.073400,0.073400,0.006560,0.006560,0.000000,0.000000,0.000000,0.000000,0.000000,0.000000,0.000000,0.000000,0.000000,0.000000,0.002296,0.000000,0.000000,0.000000,0.000000,0.000000,0.000000,0.000000,0.000000,0.000000
00:00:00:49,61,0.000000,0.000000,0.000000,0.000000,0.000000,0.000000,0.000000,0.000000,0.000000,0.000000,0.000000,0.000000,0.000000,0.000000,0.000000,0.000000,0.000000,0.472075,0.000000,0.047650,0.055500,0.000000,0.000000,0.000000,0.000000,0.000000,0.000000,0.015583,0.015583,0.022900,0.022900,0.036850,0.032000,0.008450,0.000000,0.072700,0.072700,0.070725,0.070725,0.005600,0.005600,0.000000,0.000000,0.000000,0.000000,0.000000,0.000000,0.000000,0.000000,0.000000,0.000000,0.002300,0.000000,0.000000,0.000000,0.000000,0.000000,0.000000,0.000000,0.000000,0.000000
00:00:00:50,61,0.000000,0.000000,0.000000,0.000000,0.000000,0.000000,0.000000,0.000000,0.000000,0.000000,0.000000,0.000000,0.000000,0.000000,0.000000,0.000000,0.000000,0.454150,0.000000,0.039200,0.045700,0.000000,0.000000,0.000000,0.000000,0.000000,0.000000,0.016589,0.016589,0.024367,0.024367,0.042267,0.038367,0.006800,0.000000,0.087167,0.087167,0.068050,0.068050,0.004640,0.004640,0.000000,0.000000,0.000000,0.000000,0.000000,0.000000,0.000000,0.000000,0.000000,0.000000,0.002304,0.000000,0.000000,0.000000,0.000000,0.000000,0.000000,0.000000,0.000000,0.000000
00:00:00:51,61,0.000000,0.000000,0.000000,0.000000,0.000000,0.000000,0.000000,0.000000,0.000000,0.000000,0.000000,0.000000,0.000000,0.000000,0.000000,0.000000,0.000000,0.436225,0.000000,0.030750,0.035900,0.000000,0.000000,0.000000,0.000000,0.000000,0.000000,0.017594,0.017594,0.025833,0.025833,0.047683,0.044733,0.005150,0.000000,0.101633,0.101633,0.065375,0.065375,0.003680,0.003680,0.000000,0.000000,0.000000,0.000000,0.000000,0.000000,0.000000,0.000000,0.000000,0.000000,0.002309,0.000000,0.000000,0.000000,0.000000,0.000000,0.000000,0.000000,0.000000,0.000000
00:00:00:52,61,0.000000,0.000000,0.000000,0.000000,0.000000,0.000000,0.000000,0.000000,0.000000,0.000000,0.000000,0.000000,0.000000,0.000000,0.000000,0.000000,0.000000,0.418300,0.000000,0.022300,0.026100,0.000000,0.000000,0.000000,0.000000,0.000000,0.000000,0.018600,0.018600,0.027300,0.027300,0.053100,0.051100,0.003500,0.000000,0.116100,0.116100,0.062700,0.062700,0.002720,0.002720,0.000000,0.000000,0.000000,0.000000,0.000000,0.000000,0.000000,0.000000,0.000000,0.000000,0.002313,0.000000,0.000000,0.000000,0.000000,0.000000,0.000000,0.000000,0.000000,0.000000
00:00:00:53,61,0.000000,0.000000,0.000000,0.000000,0.000000,0.000000,0.000000,0.000000,0.000000,0.000000,0.000000,0.000000,0.000000,0.000000,0.000000,0.000000,0.000000,0.238900,0.000000,0.013850,0.016300,0.000000,0.000000,0.000000,0.000000,0.000000,0.000000,0.010750,0.010750,0.015900,0.015900,0.125600,0.124550,0.001850,0.000000,0.283050,0.283050,0.035950,0.035950,0.001760,0.001760,0.000000,0.000000,0.000000,0.000000,0.000000,0.000000,0.000000,0.000000,0.000000,0.000000,0.002317,0.000000,0.000000,0.000000,0.000000,0.000000,0.000000,0.000000,0.000000,0.000000
00:00:00:54,61,0.000000,0.000000,0.000000,0.000000,0.000000,0.000000,0.000000,0.000000,0.000000,0.000000,0.000000,0.000000,0.000000,0.000000,0.000000,0.000000,0.000000,0.059500,0.000000,0.005400,0.006500,0.000000,0.000000,0.000000,0.000000,0.000000,0.000000,0.002900,0.002900,0.004500,0.004500,0.198100,0.198000,0.000200,0.000000,0.450000,0.450000,0.009200,0.009200,0.000800,0.000800,0.000000,0.000000,0.000000,0.000000,0.000000,0.000000,0.000000,0.000000,0.000000,0.000000,0.002322,0.000000,0.000000,0.000000,0.000000,0.000000,0.000000,0.000000,0.000000,0.000000
00:00:00:55,61,0.000000,0.000000,0.000000,0.000000,0.000000,0.000000,0.000000,0.000000,0.000000,0.000000,0.000000,0.000000,0.000000,0.000000,0.000000,0.000000,0.000000,0.229600,0.000000,0.009700,0.013900,0.000000,0.000000,0.000000,0.000000,0.000000,0.000000,0.013700,0.013700,0.020200,0.020200,0.129200,0.129100,0.000214,0.000000,0.293400,0.293400,0.033950,0.033950,0.000814,0.000814,0.000000,0.000000,0.000000,0.000000,0.000000,0.000000,0.000000,0.000000,0.000000,0.000000,0.002326,0.000000,0.000000,0.000000,0.000000,0.000000,0.000000,0.000000,0.000000,0.000000
00:00:00:56,61,0.000000,0.000000,0.000000,0.000000,0.000000,0.000000,0.000000,0.000000,0.000000,0.000000,0.000000,0.000000,0.000000,0.000000,0.000000,0.000000,0.000000,0.399700,0.000000,0.014000,0.021300,0.000000,0.000000,0.000000,0.000000,0.000000,0.000000,0.024500,0.024500,0.035900,0.035900,0.060300,0.060200,0.000229,0.000000,0.136800,0.136800,0.058700,0.058700,0.000829,0.000829,0.000000,0.000000,0.000000,0.000000,0.000000,0.000000,0.000000,0.000000,0.000000,0.000000,0.002330,0.000000,0.000000,0.000000,0.000000,0.000000,0.000000,0.000000,0.000000,0.000000
00:00:00:57,61,0.000000,0.000000,0.000000,0.000000,0.000000,0.000000,0.000000,0.000000,0.000000,0.000000,0.000000,0.000000,0.000000,0.000000,0.000000,0.000000,0.000000,0.420625,0.000000,0.013100,0.019808,0.000000,0.000000,0.000000,0.000000,0.000000,0.000000,0.027710,0.027710,0.040570,0.040570,0.052325,0.052225,0.000243,0.000000,0.118675,0.118675,0.061225,0.061225,0.000843,0.000843,0.000000,0.000000,0.000000,0.000000,0.000000,0.000000,0.000000,0.000000,0.000000,0.000000,0.002335,0.000000,0.000000,0.000000,0.000000,0.000000,0.000000,0.000000,0.000000,0.000000
00:00:00:58,61,0.000000,0.000000,0.000000,0.000000,0.000000,0.000000,0.000000,0.000000,0.000000,0.000000,0.000000,0.000000,0.000000,0.000000,0.000000,0.000000,0.000000,0.441550,0.000000,0.012200,0.018317,0.000000,0.000000,0.000000,0.000000,0.000000,0.000000,0.030920,0.030920,0.045240,0.045240,0.044350,0.044250,0.000257,0.000000,0.100550,0.100550,0.063750,0.063750,0.000857,0.000857,0.000000,0.000000,0.000000,0.000000,0.000000,0.000000,0.000000,0.000000,0.000000,0.000000,0.002339,0.000000,0.000000,0.000000,0.000000,0.000000,0.000000,0.000000,0.000000,0.000000
00:00:00:59,61,0.000000,0.000000,0.000000,0.000000,0.000000,0.000000,0.000000,0.000000,0.000000,0.000000,0.000000,0.000000,0.000000,0.000000,0.000000,0.000000,0.000000,0.462475,0.000000,0.011300,0.016825,0.000000,0.000000,0.000000,0.000000,0.000000,0.000000,0.034130,0.034130,0.049910,0.049910,0.036375,0.036275,0.000271,0.000000,0.082425,0.082425,0.066275,0.066275,0.000871,0.000871,0.000000,0.000000,0.000000,0.000000,0.000000,0.000000,0.000000,0.000000,0.000000,0.000000,0.002343,0.000000,0.000000,0.000000,0.000000,0.000000,0.000000,0.000000,0.000000,0.000000
00:00:01:00,61,0.000000,0.000000,0.000000,0.000000,0.000000,0.000000,0.000000,0.000000,0.000000,0.000000,0.000000,0.000000,0.000000,0.000000,0.000000,0.000000,0.000000,0.483400,0.000000,0.010400,0.015333,0.000000,0.000000,0.000000,0.000000,0.000000,0.000000,0.037340,0.037340,0.054580,0.054580,0.028400,0.028300,0.000286,0.000000,0.064300,0.064300,0.068800,0.068800,0.000886,0.000886,0.000000,0.000000,0.000000,0.000000,0.000000,0.000000,0.000000,0.000000,0.000000,0.000000,0.002348,0.000000,0.000000,0.000000,0.000000,0.000000,0.000000,0.000000,0.000000,0.000000
00:00:01:01,61,0.000000,0.000000,0.000000,0.000000,0.000000,0.000000,0.000000,0.000000,0.000000,0.000000,0.000000,0.000000,0.000000,0.000000,0.000000,0.000000,0.000000,0.490300,0.000000,0.009500,0.013842,0.000000,0.000000,0.000000,0.000000,0.000000,0.000000,0.040550,0.040550,0.059250,0.059250,0.026500,0.026350,0.000300,0.000000,0.059900,0.059900,0.069000,0.069000,0.000900,0.000900,0.000000,0.000000,0.000000,0.000000,0.000000,0.000000,0.000000,0.000000,0.000000,0.000000,0.002352,0.000000,0.000000,0.000000,0.000000,0.000000,0.000000,0.000000,0.000000,0.000000
00:00:01:02,61,0.000000,0.000000,0.000000,0.000000,0.000000,0.000000,0.000000,0.000000,0.000000,0.000000,0.000000,0.000000,0.000000,0.000000,0.000000,0.000000,0.000000,0.497200,0.000000,0.008600,0.012350,0.000000,0.000000,0.000000,0.000000,0.000000,0.000000,0.043760,0.043760,0.063920,0.063920,0.024600,0.024400,0.000314,0.000000,0.055500,0.055500,0.069200,0.069200,0.000914,0.000914,0.000000,0.000000,0.000000,0.000000,0.000000,0.000000,0.000000,0.000000,0.000000,0.000000,0.002357,0.000000,0.000000,0.000000,0.000000,0.000000,0.000000,0.000000,0.000000,0.000000
00:00:01:03,61,0.000000,0.000000,0.000000,0.000000,0.000000,0.000000,0.000000,0.000000,0.000000,0.000000,0.000000,0.000000,0.000000,0.000000,0.000000,0.000000,0.000000,0.478450,0.000000,0.007700,0.010858,0.000000,0.000000,0.000000,0.000000,0.000000,0.000000,0.046970,0.046970,0.068590,0.068590,0.030175,0.029950,0.000329,0.000000,0.068125,0.068125,0.065100,0.065100,0.000929,0.000929,0.000000,0.000000,0.000000,0.000000,0.000000,0.000000,0.000000,0.000000,0.000000,0.000000,0.002361,0.000000,0.000000,0.000000,0.000000,0.000000,0.000000,0.000000,0.000000,0.000000
00:00:01:04,61,0.000000,0.000000,0.000000,0.000000,0.000000,0.000000,0.000000,0.000000,0.000000,0.000000,0.000000,0.000000,0.000000,0.000000,0.000000,0.000000,0.000000,0.459700,0.000000,0.006800,0.009367,0.000000,0.000000,0.000000,0.000000,0.000000,0.000000,0.050180,0.050180,0.073260,0.073260,0.035750,0.035500,0.000343,0.000000,0.080750,0.080750,0.061000,0.061000,0.000943,0.000943,0.000000,0.000000,0.000000,0.000000,0.000000,0.000000,0.000000,0.000000,0.000000,0.000000,0.002365,0.000000,0.000000,0.000000,0.000000,0.000000,0.000000,0.000000,0.000000,0.000000
00:00:01:05,61,0.000000,0.000000,0.000000,0.000000,0.000000,0.000000,0.000000,0.000000,0.000000,0.000000,0.000000,0.000000,0.000000,0.000000,0.000000,0.000000,0.000000,0.440950,0.000000,0.005900,0.007875,0.000000,0.000000,0.000000,0.000000,0.000000,0.000000,0.053390,0.053390,0.077930,0.077930,0.041325,0.041050,0.000357,0.000000,0.093375,0.093375,0.056900,0.056900,0.000957,0.000957,0.000000,0.000000,0.000000,0.000000,0.000000,0.000000,0.000000,0.000000,0.000000,0.000000,0.002370,0.000000,0.000000,0.000000,0.000000,0.000000,0.000000,0.000000,0.000000,0.000000
00:00:01:06,61,0.000000,0.000000,0.000000,0.000000,0.000000,0.000000,0.000000,0.000000,0.000000,0.000000,0.000000,0.000000,0.000000,0.000000,0.000000,0.000000,0.000000,0.422200,0.000000,0.005000,0.006383,0.000000,0.000000,0.000000,0.000000,0.000000,0.000000,0.056600,0.056600,0.082600,0.082600,0.046900,0.046600,0.000371,0.000000,0.106000,0.106000,0.052800,0.052800,0.000971,0.000971,0.000000,0.000000,0.000000,0.000000,0.000000,0.000000,0.000000,0.000000,0.000000,0.000000,0.002374,0.000000,0.000000,0.000000,0.000000,0.000000,0.000000,0.000000,0.000000,0.000000
00:00:01:07,61,0.000000,0.000000,0.000000,0.000000,0.000000,0.000000,0.000000,0.000000,0.000000,0.000000,0.000000,0.000000,0.000000,0.000000,0.000000,0.000000,0.000000,0.239750,0.000000,0.004100,0.004892,0.000000,0.000000,0.000000,0.000000,0.000000,0.000000,0.032600,0.032600,0.047700,0.047700,0.122550,0.122300,0.000386,0.000000,0.278000,0.278000,0.030100,0.030100,0.000986,0.000986,0.000000,0.000000,0.000000,0.000000,0.000000,0.000000,0.000000,0.000000,0.000000,0.000000,0.002378,0.000000,0.000000,0.000000,0.000000,0.000000,0.000000,0.000000,0.000000,0.000000
00:00:01:08,61,0.000000,0.000000,0.000000,0.000000,0.000000,0.000000,0.000000,0.000000,0.000000,0.000000,0.000000,0.000000,0.000000,0.000000,0.000000,0.000000,0.000000,0.057300,0.000000,0.003200,0.003400,0.000000,0.000000,0.000000,0.000000,0.000000,0.000000,0.008600,0.008600,0.012800,0.012800,0.198200,0.198000,0.000400,0.000000,0.450000,0.450000,0.007400,0.007400,0.001000,0.001000,0.000000,0.000000,0.000000,0.000000,0.000000,0.000000,0.000000,0.000000,0.000000,0.000000,0.002383,0.000000,0.000000,0.000000,0.000000,0.000000,0.000000,0.000000,0.000000,0.000000
00:00:01:09,61,0.000000,0.000000,0.000000,0.000000,0.000000,0.000000,0.000000,0.000000,0.000000,0.000000,0.000000,0.000000,0.000000,0.000000,0.000000,0.000000,0.000000,0.226100,0.000000,0.003150,0.003347,0.000000,0.000000,0.000000,0.000000,0.000000,0.000000,0.042800,0.042800,0.062550,0.062550,0.125400,0.124000,0.002483,0.000000,0.281800,0.281800,0.024600,0.024600,0.002200,0.002200,0.000000,0.000000,0.000000,0.000000,0.000000,0.000000,0.000000,0.000000,0.000000,0.000000,0.002387,0.000000,0.000000,0.000000,0.000000,0.000000,0.000000,0.000000,0.000000,0.000000
00:00:01:10,61,0.000000,0.000000,0.000000,0.000000,0.000000,0.000000,0.000000,0.000000,0.000000,0.000000,0.000000,0.000000,0.000000,0.000000,0.000000,0.000000,0.000000,0.394900,0.000000,0.003100,0.003294,0.000000,0.000000,0.000000,0.000000,0.000000,0.000000,0.077000,0.077000,0.112300,0.112300,0.052600,0.050000,0.004567,0.000000,0.113600,0.113600,0.041800,0.041800,0.003400,0.003400,0.000000,0.000000,0.000000,0.000000,0.000000,0.000000,0.000000,0.000000,0.000000,0.000000,0.002391,0.000000,0.000000,0.000000,0.000000,0.000000,0.000000,0.000000,0.000000,0.000000
00:00:01:11,61,0.000000,0.000000,0.000000,0.000000,0.000000,0.000000,0.000000,0.000000,0.000000,0.000000,0.000000,0.000000,0.000000,0.000000,0.000000,0.000000,0.000000,0.409900,0.000000,0.003050,0.003241,0.000000,0.000000,0.000000,0.000000,0.000000,0.000000,0.086400,0.086400,0.125975,0.125975,0.042550,0.038750,0.006650,0.000000,0.088000,0.088000,0.041300,0.041300,0.004600,0.004600,0.000000,0.000000,0.000000,0.000000,0.000000,0.000000,0.000000,0.000000,0.000000,0.000000,0.002396,0.000000,0.000000,0.000000,0.000000,0.000000,0.000000,0.000000,0.000000,0.000000
00:00:01:12,61,0.000000,0.000000,0.000000,0.000000,0.000000,0.000000,0.000000,0.000000,0.000000,0.000000,0.000000,0.000000,0.000000,0.000000,0.000000,0.000000,0.000000,0.424900,0.000000,0.003000,0.003187,0.000000,0.000000,0.000000,0.000000,0.000000,0.000000,0.095800,0.095800,0.139650,0.139650,0.032500,0.027500,0.008733,0.000000,0.062400,0.062400,0.040800,0.040800,0.005800,0.005800,0.000000,0.000000,0.000000,0.000000,0.000000,0.000000,0.000000,0.000000,0.000000,0.000000,0.002400,0.000000,0.000000,0.000000,0.000000,0.000000,0.000000,0.000000,0.000000,0.000000
00:00:01:13,61,0.000000,0.000000,0.000000,0.000000,0.000000,0.000000,0.000000,0.000000,0.000000,0.000000,0.000000,0.000000,0.000000,0.000000,0.000000,0.000000,0.000000,0.442000,0.000000,0.002950,0.003134,0.000000,0.000000,0.000000,0.000000,0.000000,0.000000,0.105200,0.105200,0.153325,0.153325,0.028750,0.022525,0.010817,0.000000,0.051125,0.051125,0.041350,0.041350,0.007000,0.007000,0.000000,0.000000,0.000000,0.000000,0.000000,0.000000,0.000000,0.000000,0.000000,0.000000,0.004800,0.000000,0.000000,0.000000,0.000000,0.000000,0.000000,0.000000,0.000000,0.000000
00:00:01:14,61,0.000000,0.000000,0.000000,0.000000,0.000000,0.000000,0.000000,0.000000,0.000000,0.000000,0.000000,0.000000,0.000000,0.000000,0.000000,0.000000,0.000000,0.459100,0.000000,0.002900,0.003081,0.000000,0.000000,0.000000,0.000000,0.000000,0.000000,0.114600,0.114600,0.167000,0.167000,0.025000,0.017550,0.012900,0.000000,0.039850,0.039850,0.041900,0.041900,0.008200,0.008200,0.000000,0.000000,0.000000,0.000000,0.000000,0.000000,0.000000,0.000000,0.000000,0.000000,0.007200,0.000000,0.000000,0.000000,0.000000,0.000000,0.000000,0.000000,0.000000,0.000000
00:00:01:15,61,0.000000,0.000000,0.000000,0.000000,0.000000,0.000000,0.000000,0.000000,0.000000,0.000000,0.000000,0.000000,0.000000,0.000000,0.000000,0.000000,0.000000,0.448100,0.000000,0.002850,0.003028,0.000000,0.000000,0.000000,0.000000,0.000000,0.000000,0.109000,0.109000,0.158875,0.158875,0.023250,0.012575,0.018483,0.000000,0.028575,0.028575,0.042450,0.042450,0.011417,0.011417,0.000000,0.000000,0.000000,0.000000,0.000000,0.000000,0.000000,0.000000,0.000000,0.000000,0.009600,0.000000,0.000000,0.000000,0.000000,0.000000,0.000000,0.000000,0.000000,0.000000
00:00:01:16,61,0.000000,0.000000,0.000000,0.000000,0.000000,0.000000,0.000000,0.000000,0.000000,0.000000,0.000000,0.000000,0.000000,0.000000,0.000000,0.000000,0.000000,0.437100,0.000000,0.002800,0.002975,0.000000,0.000000,0.000000,0.000000,0.000000,0.000000,0.103400,0.103400,0.150750,0.150750,0.021500,0.007600,0.024067,0.000000,0.017300,0.017300,0.043000,0.043000,0.014633,0.014633,0.000000,0.000000,0.000000,0.000000,0.000000,0.000000,0.000000,0.000000,0.000000,0.000000,0.012000,0.000000,0.000000,0.000000,0.000000,0.000000,0.000000,0.000000,0.000000,0.000000
00:00:01:17,61,0.000000,0.000000,0.000000,0.000000,0.000000,0.000000,0.000000,0.000000,0.000000,0.000000,0.000000,0.000000,0.000000,0.000000,0.000000,0.000000,0.000000,0.436150,0.000000,0.002750,0.002922,0.000000,0.000000,0.000000,0.000000,0.000000,0.000000,0.097800,0.097800,0.142625,0.142625,0.023975,0.006840,0.029650,0.000000,0.015580,0.015580,0.048600,0.048600,0.017850,0.017850,0.000000,0.000000,0.000000,0.000000,0.000000,0.000000,0.000000,0.000000,0.000000,0.000000,0.025425,0.000000,0.000000,0.000000,0.000000,0.000000,0.000000,0.000000,0.000000,0.000000
00:00:01:18,61,0.000000,0.000000,0.000000,0.000000,0.000000,0.000000,0.000000,0.000000,0.000000,0.000000,0.000000,0.000000,0.000000,0.000000,0.000000,0.000000,0.000000,0.435200,0.000000,0.002700,0.002869,0.000000,0.000000,0.000000,0.000000,0.000000,0.000000,0.092200,0.092200,0.134500,0.134500,0.026450,0.006080,0.035233,0.000000,0.013860,0.013860,0.054200,0.054200,0.021067,0.021067,0.000000,0.000000,0.000000,0.000000,0.000000,0.000000,0.000000,0.000000,0.000000,0.000000,0.038850,0.000000,0.000000,0.000000,0.000000,0.000000,0.000000,0.000000,0.000000,0.000000
00:00:01:19,61,0.000000,0.000000,0.000000,0.000000,0.000000,0.000000,0.000000,0.000000,0.000000,0.000000,0.000000,0.000000,0.000000,0.000000,0.000000,0.000000,0.000000,0.406150,0.000000,0.002650,0.002816,0.000000,0.000000,0.000000,0.000000,0.000000,0.000000,0.080050,0.080050,0.116800,0.116800,0.028925,0.005320,0.040817,0.000000,0.012140,0.012140,0.057200,0.057200,0.024283,0.024283,0.000000,0.000000,0.000000,0.000000,0.000000,0.000000,0.000000,0.000000,0.000000,0.000000,0.052275,0.000000,0.000000,0.000000,0.000000,0.000000,0.000000,0.000000,0.000000,0.000000
00:00:01:20,61,0.000000,0.000000,0.000000,0.000000,0.000000,0.000000,0.000000,0.000000,0.000000,0.000000,0.000000,0.000000,0.000000,0.000000,0.000000,0.000000,0.000000,0.377100,0.000000,0.002600,0.002763,0.000000,0.000000,0.000000,0.000000,0.000000,0.000000,0.067900,0.067900,0.099100,0.099100,0.031400,0.004560,0.046400,0.000000,0.010420,0.010420,0.060200,0.060200,0.027500,0.027500,0.000000,0.000000,0.000000,0.000000,0.000000,0.000000,0.000000,0.000000,0.000000,0.000000,0.065700,0.000000,0.000000,0.000000,0.000000,0.000000,0.000000,0.000000,0.000000,0.000000
00:00:01:21,61,0.000000,0.000000,0.000000,0.000000,0.000000,0.000000,0.000000,0.000000,0.000000,0.000000,0.000000,0.000000,0.000000,0.000000,0.000000,0.000000,0.000000,0.380275,0.000000,0.002550,0.002709,0.000000,0.000000,0.000000,0.000000,0.000000,0.000000,0.067375,0.067375,0.098350,0.098350,0.044025,0.003800,0.069600,0.000000,0.008700,0.008700,0.057150,0.057150,0.040875,0.040875,0.000000,0.000000,0.000000,0.000000,0.000000,0.000000,0.000000,0.000000,0.000000,0.000000,0.054967,0.000000,0.000000,0.000000,0.000000,0.000000,0.000000,0.000000,0.000000,0.000000
00:00:01:22,61,0.000000,0.000000,0.000000,0.000000,0.000000,0.000000,0.000000,0.000000,0.000000,0.000000,0.000000,0.000000,0.000000,0.000000,0.000000,0.000000,0.000000,0.383450,0.000000,0.002500,0.002656,0.000000,0.000000,0.000000,0.000000,0.000000,0.000000,0.066850,0.066850,0.097600,0.097600,0.056650,0.003040,0.092800,0.000000,0.006980,0.006980,0.054100,0.054100,0.054250,0.054250,0.000000,0.000000,0.000000,0.000000,0.000000,0.000000,0.000000,0.000000,0.000000,0.000000,0.044233,0.000000,0.000000,0.000000,0.000000,0.000000,0.000000,0.000000,0.000000,0.000000
00:00:01:23,61,0.000000,0.000000,0.000000,0.000000,0.000000,0.000000,0.000000,0.000000,0.000000,0.000000,0.000000,0.000000,0.000000,0.000000,0.000000,0.000000,0.000000,0.386625,0.000000,0.002450,0.002603,0.000000,0.000000,0.000000,0.000000,0.000000,0.000000,0.066325,0.066325,0.096850,0.096850,0.069275,0.002280,0.116000,0.000000,0.005260,0.005260,0.051050,0.051050,0.067625,0.067625,0.000000,0.000000,0.000000,0.000000,0.000000,0.000000,0.000000,0.000000,0.000000,0.000000,0.033500,0.000000,0.000000,0.000000,0.000000,0.000000,0.000000,0.000000,0.000000,0.000000
00:00:01:24,61,0.000000,0.000000,0.000000,0.000000,0.000000,0.000000,0.000000,0.000000,0.000000,0.000000,0.000000,0.000000,0.000000,0.000000,0.000000,0.000000,0.000000,0.389800,0.000000,0.002400,0.002550,0.000000,0.000000,0.000000,0.000000,0.000000,0.000000,0.065800,0.065800,0.096100,0.096100,0.081900,0.001520,0.139200,0.000000,0.003540,0.003540,0.048000,0.048000,0.081000,0.081000,0.000000,0.000000,0.000000,0.000000,0.000000,0.000000,0.000000,0.000000,0.000000,0.000000,0.022767,0.000000,0.000000,0.000000,0.000000,0.000000,0.000000,0.000000,0.000000,0.000000
00:00:01:25,61,0.000000,0.000000,0.000000,0.000000,0.000000,0.000000,0.000000,0.000000,0.000000,0.000000,0.000000,0.000000,0.000000,0.000000,0.000000,0.000000,0.000000,0.254000,0.000000,0.002350,0.002497,0.000000,0.000000,0.000000,0.000000,0.000000,0.000000,0.037350,0.037350,0.054700,0.054700,0.175950,0.000760,0.303600,0.000000,0.001820,0.001820,0.027500,0.027500,0.175850,0.175850,0.000000,0.000000,0.000000,0.000000,0.000000,0.000000,0.000000,0.000000,0.000000,0.000000,0.012033,0.000000,0.000000,0.000000,0.000000,0.000000,0.000000,0.000000,0.000000,0.000000
00:00:01:26,61,0.000000,0.000000,0.000000,0.000000,0.000000,0.000000,0.000000,0.000000,0.000000,0.000000,0.000000,0.000000,0.000000,0.000000,0.000000,0.000000,0.000000,0.118200,0.000000,0.002300,0.002444,0.000000,0.000000,0.000000,0.000000,0.000000,0.000000,0.008900,0.008900,0.013300,0.013300,0.270000,0.000000,0.468000,0.000000,0.000100,0.000100,0.007000,0.007000,0.270700,0.270700,0.000000,0.000000,0.000000,0.000000,0.000000,0.000000,0.000000,0.000000,0.000000,0.000000,0.001300,0.000000,0.000000,0.000000,0.000000,0.000000,0.000000,0.000000,0.000000,0.000000
00:00:01:27,61,0.000000,0.000000,0.000000,0.000000,0.000000,0.000000,0.000000,0.000000,0.000000,0.000000,0.000000,0.000000,0.000000,0.000000,0.000000,0.000000,0.000000,0.262100,0.000000,0.002250,0.002391,0.000000,0.000000,0.000000,0.000000,0.000000,0.000000,0.035250,0.035250,0.051650,0.051650,0.175250,0.000000,0.303700,0.000000,0.000098,0.000098,0.026250,0.026250,0.175900,0.175900,0.000000,0.000000,0.000000,0.000000,0.000000,0.000000,0.000000,0.000000,0.000000,0.000000,0.001272,0.000000,0.000000,0.000000,0.000000,0.000000,0.000000,0.000000,0.000000,0.000000
00:00:01:28,61,0.000000,0.000000,0.000000,0.000000,0.000000,0.000000,0.000000,0.000000,0.000000,0.000000,0.000000,0.000000,0.000000,0.000000,0.000000,0.000000,0.000000,0.406000,0.000000,0.002200,0.002338,0.000000,0.000000,0.000000,0.000000,0.000000,0.000000,0.061600,0.061600,0.090000,0.090000,0.080500,0.000000,0.139400,0.000000,0.000096,0.000096,0.045500,0.045500,0.081100,0.081100,0.000000,0.000000,0.000000,0.000000,0.000000,0.000000,0.000000,0.000000,0.000000,0.000000,0.001243,0.000000,0.000000,0.000000,0.000000,0.000000,0.000000,0.000000,0.000000,0.000000
00:00:01:29,61,0.000000,0.000000,0.000000,0.000000,0.000000,0.000000,0.000000,0.000000,0.000000,0.000000,0.000000,0.000000,0.000000,0.000000,0.000000,0.000000,0.000000,0.428450,0.000000,0.002150,0.002284,0.000000,0.000000,0.000000,0.000000,0.000000,0.000000,0.063410,0.063410,0.092630,0.092630,0.070333,0.000000,0.121783,0.000000,0.000093,0.000093,0.049075,0.049075,0.070933,0.070933,0.000000,0.000000,0.000000,0.000000,0.000000,0.000000,0.000000,0.000000,0.000000,0.000000,0.001215,0.000000,0.000000,0.000000,0.000000,0.000000,0.000000,0.000000,0.000000,0.000000
00:00:01:30,61,0.000000,0.000000,0.000000,0.000000,0.000000,0.000000,0.000000,0.000000,0.000000,0.000000,0.000000,0.000000,0.000000,0.000000,0.000000,0.000000,0.000000,0.450900,0.000000,0.002100,0.002231,0.000000,0.000000,0.000000,0.000000,0.000000,0.000000,0.065220,0.065220,0.095260,0.095260,0.060167,0.000000,0.104167,0.000000,0.000091,0.000091,0.052650,0.052650,0.060767,0.060767,0.000000,0.000000,0.000000,0.000000,0.000000,0.000000,0.000000,0.000000,0.000000,0.000000,0.001187,0.000000,0.000000,0.000000,0.000000,0.000000,0.000000,0.000000,0.000000,0.000000
00:00:01:31,61,0.000000,0.000000,0.000000,0.000000,0.000000,0.000000,0.000000,0.000000,0.000000,0.000000,0.000000,0.000000,0.000000,0.000000,0.000000,0.000000,0.000000,0.473350,0.000000,0.002050,0.002178,0.000000,0.000000,0.000000,0.000000,0.000000,0.000000,0.067030,0.067030,0.097890,0.097890,0.050000,0.000000,0.086550,0.000000,0.000089,0.000089,0.056225,0.056225,0.050600,0.050600,0.000000,0.000000,0.000000,0.000000,0.000000,0.000000,0.000000,0.000000,0.000000,0.000000,0.001159,0.000000,0.000000,0.000000,0.000000,0.000000,0.000000,0.000000,0.000000,0.000000
00:00:01:32,61,0.000000,0.000000,0.000000,0.000000,0.000000,0.000000,0.000000,0.000000,0.000000,0.000000,0.000000,0.000000,0.000000,0.000000,0.000000,0.000000,0.000000,0.495800,0.000000,0.002000,0.002125,0.000000,0.000000,0.000000,0.000000,0.000000,0.000000,0.068840,0.068840,0.100520,0.100520,0.039833,0.000000,0.068933,0.000000,0.000087,0.000087,0.059800,0.059800,0.040433,0.040433,0.000000,0.000000,0.000000,0.000000,0.000000,0.000000,0.000000,0.000000,0.000000,0.000000,0.001130,0.000000,0.000000,0.000000,0.000000,0.000000,0.000000,0.000000,0.000000,0.000000
00:00:01:33,61,0.000000,0.000000,0.000000,0.000000,0.000000,0.000000,0.000000,0.000000,0.000000,0.000000,0.000000,0.000000,0.000000,0.000000,0.000000,0.000000,0.000000,0.506050,0.000000,0.001950,0.002072,0.000000,0.000000,0.000000,0.000000,0.000000,0.000000,0.070650,0.070650,0.103150,0.103150,0.029667,0.000000,0.051317,0.000000,0.000085,0.000085,0.062200,0.062200,0.030267,0.030267,0.000000,0.000000,0.000000,0.000000,0.000000,0.000000,0.000000,0.000000,0.000000,0.000000,0.001102,0.000000,0.000000,0.000000,0.000000,0.000000,0.000000,0.000000,0.000000,0.000000
00:00:01:34,61,0.000000,0.000000,0.000000,0.000000,0.000000,0.000000,0.000000,0.000000,0.000000,0.000000,0.000000,0.000000,0.000000,0.000000,0.000000,0.000000,0.000000,0.516300,0.000000,0.001900,0.002019,0.000000,0.000000,0.000000,0.000000,0.000000,0.000000,0.072460,0.072460,0.105780,0.105780,0.019500,0.000000,0.033700,0.000000,0.000083,0.000083,0.064600,0.064600,0.020100,0.020100,0.000000,0.000000,0.000000,0.000000,0.000000,0.000000,0.000000,0.000000,0.000000,0.000000,0.001074,0.000000,0.000000,0.000000,0.000000,0.000000,0.000000,0.000000,0.000000,0.000000
00:00:01:35,61,0.000000,0.000000,0.000000,0.000000,0.000000,0.000000,0.000000,0.000000,0.000000,0.000000,0.000000,0.000000,0.000000,0.000000,0.000000,0.000000,0.000000,0.492850,0.000000,0.001850,0.001966,0.000000,0.000000,0.000000,0.000000,0.000000,0.000000,0.074270,0.074270,0.108410,0.108410,0.017733,0.000000,0.030633,0.000000,0.000080,0.000080,0.061050,0.061050,0.018333,0.018333,0.000000,0.000000,0.000000,0.000000,0.000000,0.000000,0.000000,0.000000,0.000000,0.000000,0.001046,0.000000,0.000000,0.000000,0.000000,0.000000,0.000000,0.000000,0.000000,0.000000
00:00:01:36,61,0.000000,0.000000,0.000000,0.000000,0.000000,0.000000,0.000000,0.000000,0.000000,0.000000,0.000000,0.000000,0.000000,0.000000,0.000000,0.000000,0.000000,0.469400,0.000000,0.001800,0.001912,0.000000,0.000000,0.000000,0.000000,0.000000,0.000000,0.076080,0.076080,0.111040,0.111040,0.015967,0.000000,0.027567,0.000000,0.000078,0.000078,0.057500,0.057500,0.016567,0.016567,0.000000,0.000000,0.000000,0.000000,0.000000,0.000000,0.000000,0.000000,0.000000,0.000000,0.001017,0.000000,0.000000,0.000000,0.000000,0.000000,0.000000,0.000000,0.000000,0.000000
00:00:01:37,61,0.000000,0.000000,0.000000,0.000000,0.000000,0.000000,0.000000,0.000000,0.000000,0.000000,0.000000,0.000000,0.000000,0.000000,0.000000,0.000000,0.000000,0.465250,0.000000,0.001750,0.001859,0.000000,0.000000,0.000000,0.000000,0.000000,0.000000,0.077890,0.077890,0.113670,0.113670,0.014200,0.000000,0.024500,0.000000,0.000076,0.000076,0.061175,0.061175,0.014800,0.014800,0.000000,0.000000,0.000000,0.000000,0.000000,0.000000,0.000000,0.000000,0.000000,0.000000,0.000989,0.000000,0.000000,0.000000,0.000000,0.000000,0.000000,0.000000,0.000000,0.000000
00:00:01:38,61,0.000000,0.000000,0.000000,0.000000,0.000000,0.000000,0.000000,0.000000,0.000000,0.000000,0.000000,0.000000,0.000000,0.000000,0.000000,0.000000,0.000000,0.461100,0.000000,0.001700,0.001806,0.000000,0.000000,0.000000,0.000000,0.000000,0.000000,0.079700,0.079700,0.116300,0.116300,0.012433,0.000000,0.021433,0.000000,0.000074,0.000074,0.064850,0.064850,0.013033,0.013033,0.000000,0.000000,0.000000,0.000000,0.000000,0.000000,0.000000,0.000000,0.000000,0.000000,0.000961,0.000000,0.000000,0.000000,0.000000,0.000000,0.000000,0.000000,0.000000,0.000000
00:00:01:39,61,0.000000,0.000000,0.000000,0.000000,0.000000,0.000000,0.000000,0.000000,0.000000,0.000000,0.000000,0.000000,0.000000,0.000000,0.000000,0.000000,0.000000,0.445000,0.000000,0.001650,0.001753,0.000000,0.000000,0.000000,0.000000,0.000000,0.000000,0.075250,0.075250,0.109850,0.109850,0.010667,0.000000,0.018367,0.000000,0.000072,0.000072,0.068525,0.068525,0.011267,0.011267,0.000000,0.000000,0.000000,0.000000,0.000000,0.000000,0.000000,0.000000,0.000000,0.000000,0.000933,0.000000,0.000000,0.000000,0.000000,0.000000,0.000000,0.000000,0.000000,0.000000
00:00:01:40,61,0.000000,0.000000,0.000000,0.000000,0.000000,0.000000,0.000000,0.000000,0.000000,0.000000,0.000000,0.000000,0.000000,0.000000,0.000000,0.000000,0.000000,0.428900,0.000000,0.001600,0.001700,0.000000,0.000000,0.000000,0.000000,0.000000,0.000000,0.070800,0.070800,0.103400,0.103400,0.008900,0.000000,0.015300,0.000000,0.000070,0.000070,0.072200,0.072200,0.009500,0.009500,0.000000,0.000000,0.000000,0.000000,0.000000,0.000000,0.000000,0.000000,0.000000,0.000000,0.000904,0.000000,0.000000,0.000000,0.000000,0.000000,0.000000,0.000000,0.000000,0.000000
00:00:01:41,61,0.000000,0.000000,0.000000,0.000000,0.000000,0.000000,0.000000,0.000000,0.000000,0.000000,0.000000,0.000000,0.000000,0.000000,0.000000,0.000000,0.000000,0.449450,0.000000,0.001550,0.001647,0.000000,0.000000,0.000000,0.000000,0.000000,0.000000,0.088200,0.088200,0.128750,0.128750,0.011850,0.000000,0.020500,0.000000,0.000067,0.000067,0.064800,0.064800,0.012450,0.012450,0.000000,0.000000,0.000000,0.000000,0.000000,0.000000,0.000000,0.000000,0.000000,0.000000,0.000876,0.000000,0.000000,0.000000,0.000000,0.000000,0.000000,0.000000,0.000000,0.000000
00:00:01:42,61,0.000000,0.000000,0.000000,0.000000,0.000000,0.000000,0.000000,0.000000,0.000000,0.000000,0.000000,0.000000,0.000000,0.000000,0.000000,0.000000,0.000000,0.470000,0.000000,0.001500,0.001594,0.000000,0.000000,0.000000,0.000000,0.000000,0.000000,0.105600,0.105600,0.154100,0.154100,0.014800,0.000000,0.025700,0.000000,0.000065,0.000065,0.057400,0.057400,0.015400,0.015400,0.000000,0.000000,0.000000,0.000000,0.000000,0.000000,0.000000,0.000000,0.000000,0.000000,0.000848,0.000000,0.000000,0.000000,0.000000,0.000000,0.000000,0.000000,0.000000,0.000000
00:00:01:43,61,0.000000,0.000000,0.000000,0.000000,0.000000,0.000000,0.000000,0.000000,0.000000,0.000000,0.000000,0.000000,0.000000,0.000000,0.000000,0.000000,0.000000,0.450450,0.000000,0.001450,0.001541,0.000000,0.000000,0.000000,0.000000,0.000000,0.000000,0.113300,0.113300,0.165275,0.165275,0.019425,0.000000,0.033700,0.000000,0.000063,0.000063,0.046400,0.046400,0.020025,0.020025,0.000000,0.000000,0.000000,0.000000,0.000000,0.000000,0.000000,0.000000,0.000000,0.000000,0.000820,0.000000,0.000000,0.000000,0.000000,0.000000,0.000000,0.000000,0.000000,0.000000
00:00:01:44,61,0.000000,0.000000,0.000000,0.000000,0.000000,0.000000,0.000000,0.000000,0.000000,0.000000,0.000000,0.000000,0.000000,0.000000,0.000000,0.000000,0.000000,0.430900,0.000000,0.001400,0.001487,0.000000,0.000000,0.000000,0.000000,0.000000,0.000000,0.121000,0.121000,0.176450,0.176450,0.024050,0.000000,0.041700,0.000000,0.000061,0.000061,0.035400,0.035400,0.024650,0.024650,0.000000,0.000000,0.000000,0.000000,0.000000,0.000000,0.000000,0.000000,0.000000,0.000000,0.000791,0.000000,0.000000,0.000000,0.000000,0.000000,0.000000,0.000000,0.000000,0.000000
00:00:01:45,61,0.000000,0.000000,0.000000,0.000000,0.000000,0.000000,0.000000,0.000000,0.000000,0.000000,0.000000,0.000000,0.000000,0.000000,0.000000,0.000000,0.000000,0.431700,0.000000,0.001350,0.001434,0.000000,0.000000,0.000000,0.000000,0.000000,0.000000,0.128700,0.128700,0.187625,0.187625,0.028675,0.000000,0.049700,0.000000,0.000059,0.000059,0.031950,0.031950,0.029275,0.029275,0.000000,0.000000,0.000000,0.000000,0.000000,0.000000,0.000000,0.000000,0.000000,0.000000,0.000763,0.000000,0.000000,0.000000,0.000000,0.000000,0.000000,0.000000,0.000000,0.000000
00:00:01:46,61,0.000000,0.000000,0.000000,0.000000,0.000000,0.000000,0.000000,0.000000,0.000000,0.000000,0.000000,0.000000,0.000000,0.000000,0.000000,0.000000,0.000000,0.432500,0.000000,0.001300,0.001381,0.000000,0.000000,0.000000,0.000000,0.000000,0.000000,0.136400,0.136400,0.198800,0.198800,0.033300,0.000000,0.057700,0.000000,0.000057,0.000057,0.028500,0.028500,0.033900,0.033900,0.000000,0.000000,0.000000,0.000000,0.000000,0.000000,0.000000,0.000000,0.000000,0.000000,0.000735,0.000000,0.000000,0.000000,0.000000,0.000000,0.000000,0.000000,0.000000,0.000000
00:00:01:47,61,0.000000,0.000000,0.000000,0.000000,0.000000,0.000000,0.000000,0.000000,0.000000,0.000000,0.000000,0.000000,0.000000,0.000000,0.000000,0.000000,0.000000,0.409825,0.000000,0.001250,0.001328,0.000000,0.000000,0.000000,0.000000,0.000000,0.000000,0.128500,0.128500,0.187325,0.187325,0.047350,0.000000,0.082025,0.000000,0.000054,0.000054,0.026600,0.026600,0.047925,0.047925,0.000000,0.000000,0.000000,0.000000,0.000000,0.000000,0.000000,0.000000,0.000000,0.000000,0.000707,0.000000,0.000000,0.000000,0.000000,0.000000,0.000000,0.000000,0.000000,0.000000
00:00:01:48,61,0.000000,0.000000,0.000000,0.000000,0.000000,0.000000,0.000000,0.000000,0.000000,0.000000,0.000000,0.000000,0.000000,0.000000,0.000000,0.000000,0.000000,0.387150,0.000000,0.001200,0.001275,0.000000,0.000000,0.000000,0.000000,0.000000,0.000000,0.120600,0.120600,0.175850,0.175850,0.061400,0.000000,0.106350,0.000000,0.000052,0.000052,0.024700,0.024700,0.061950,0.061950,0.000000,0.000000,0.000000,0.000000,0.000000,0.000000,0.000000,0.000000,0.000000,0.000000,0.000678,0.000000,0.000000,0.000000,0.000000,0.000000,0.000000,0.000000,0.000000,0.000000
00:00:01:49,61,0.000000,0.000000,0.000000,0.000000,0.000000,0.000000,0.000000,0.000000,0.000000,0.000000,0.000000,0.000000,0.000000,0.000000,0.000000,0.000000,0.000000,0.364475,0.000000,0.001150,0.001222,0.000000,0.000000,0.000000,0.000000,0.000000,0.000000,0.112700,0.112700,0.164375,0.164375,0.075450,0.000000,0.130675,0.000000,0.000050,0.000050,0.022800,0.022800,0.075975,0.075975,0.000000,0.000000,0.000000,0.000000,0.000000,0.000000,0.000000,0.000000,0.000000,0.000000,0.000650,0.000000,0.000000,0.000000,0.000000,0.000000,0.000000,0.000000,0.000000,0.000000
00:00:01:50,61,0.000000,0.000000,0.000000,0.000000,0.000000,0.000000,0.000000,0.000000,0.000000,0.000000,0.000000,0.000000,0.000000,0.000000,0.000000,0.000000,0.000000,0.341800,0.000000,0.001100,0.001169,0.000000,0.000000,0.000000,0.000000,0.000000,0.000000,0.104800,0.104800,0.152900,0.152900,0.089500,0.000000,0.155000,0.000000,0.000048,0.000048,0.020900,0.020900,0.090000,0.090000,0.000000,0.000000,0.000000,0.000000,0.000000,0.000000,0.000000,0.000000,0.000000,0.000000,0.000622,0.000000,0.000000,0.000000,0.000000,0.000000,0.000000,0.000000,0.000000,0.000000
00:00:01:51,61,0.000000,0.000000,0.000000,0.000000,0.000000,0.000000,0.000000,0.000000,0.000000,0.000000,0.000000,0.000000,0.000000,0.000000,0.000000,0.000000,0.000000,0.225200,0.000000,0.001050,0.001116,0.000000,0.000000,0.000000,0.000000,0.000000,0.000000,0.059500,0.059500,0.087000,0.087000,0.179750,0.000000,0.311500,0.000000,0.000046,0.000046,0.012300,0.012300,0.180300,0.180300,0.000000,0.000000,0.000000,0.000000,0.000000,0.000000,0.000000,0.000000,0.000000,0.000000,0.000593,0.000000,0.000000,0.000000,0.000000,0.000000,0.000000,0.000000,0.000000,0.000000
00:00:01:52,61,0.000000,0.000000,0.000000,0.000000,0.000000,0.000000,0.000000,0.000000,0.000000,0.000000,0.000000,0.000000,0.000000,0.000000,0.000000,0.000000,0.000000,0.108600,0.000000,0.001000,0.001063,0.000000,0.000000,0.000000,0.000000,0.000000,0.000000,0.014200,0.014200,0.021100,0.021100,0.270000,0.000000,0.468000,0.000000,0.000043,0.000043,0.003700,0.003700,0.270600,0.270600,0.000000,0.000000,0.000000,0.000000,0.000000,0.000000,0.000000,0.000000,0.000000,0.000000,0.000565,0.000000,0.000000,0.000000,0.000000,0.000000,0.000000,0.000000,0.000000,0.000000
00:00:01:53,61,0.000000,0.000000,0.000000,0.000000,0.000000,0.000000,0.000000,0.000000,0.000000,0.000000,0.000000,0.000000,0.000000,0.000000,0.000000,0.000000,0.000000,0.107200,0.000000,0.000950,0.001009,0.000000,0.000000,0.000000,0.000000,0.000000,0.000000,0.013300,0.013300,0.019800,0.019800,0.270000,0.000000,0.468000,0.000000,0.000041,0.000041,0.004050,0.004050,0.270600,0.270600,0.000000,0.000000,0.000000,0.000000,0.000000,0.000000,0.000000,0.000000,0.000000,0.000000,0.000537,0.000000,0.000000,0.000000,0.000000,0.000000,0.000000,0.000000,0.000000,0.000000
00:00:01:54,61,0.000000,0.000000,0.000000,0.000000,0.000000,0.000000,0.000000,0.000000,0.000000,0.000000,0.000000,0.000000,0.000000,0.000000,0.000000,0.000000,0.000000,0.105800,0.000000,0.000900,0.000956,0.000000,0.000000,0.000000,0.000000,0.000000,0.000000,0.012400,0.012400,0.018500,0.018500,0.270000,0.000000,0.468000,0.000000,0.000039,0.000039,0.004400,0.004400,0.270600,0.270600,0.000000,0.000000,0.000000,0.000000,0.000000,0.000000,0.000000,0.000000,0.000000,0.000000,0.000509,0.000000,0.000000,0.000000,0.000000,0.000000,0.000000,0.000000,0.000000,0.000000
00:00:01:55,61,0.000000,0.000000,0.000000,0.000000,0.000000,0.000000,0.000000,0.000000,0.000000,0.000000,0.000000,0.000000,0.000000,0.000000,0.000000,0.000000,0.000000,0.199950,0.000000,0.000850,0.000903,0.000000,0.000000,0.000000,0.000000,0.000000,0.000000,0.040100,0.040100,0.063200,0.063200,0.170050,0.000000,0.294750,0.000000,0.000037,0.000037,0.025500,0.025500,0.174700,0.174700,0.000000,0.000000,0.000000,0.000000,0.000000,0.000000,0.000000,0.000000,0.000000,0.000000,0.000480,0.000000,0.000000,0.000000,0.000000,0.000000,0.000000,0.000000,0.000000,0.000000
00:00:01:56,61,0.000000,0.000000,0.000000,0.000000,0.000000,0.000000,0.000000,0.000000,0.000000,0.000000,0.000000,0.000000,0.000000,0.000000,0.000000,0.000000,0.000000,0.294100,0.000000,0.000800,0.000850,0.000000,0.000000,0.000000,0.000000,0.000000,0.000000,0.067800,0.067800,0.107900,0.107900,0.070100,0.000000,0.121500,0.000000,0.000035,0.000035,0.046600,0.046600,0.078800,0.078800,0.000000,0.000000,0.000000,0.000000,0.000000,0.000000,0.000000,0.000000,0.000000,0.000000,0.000452,0.000000,0.000000,0.000000,0.000000,0.000000,0.000000,0.000000,0.000000,0.000000
00:00:01:57,61,0.000000,0.000000,0.000000,0.000000,0.000000,0.000000,0.000000,0.000000,0.000000,0.000000,0.000000,0.000000,0.000000,0.000000,0.000000,0.000000,0.000000,0.298900,0.000000,0.000750,0.000797,0.000000,0.000000,0.000000,0.000000,0.000000,0.000000,0.060000,0.060000,0.100900,0.100900,0.053900,0.000000,0.093400,0.000000,0.000033,0.000033,0.060800,0.060800,0.066650,0.066650,0.000000,0.000000,0.000000,0.000000,0.000000,0.000000,0.000000,0.000000,0.000000,0.000000,0.000424,0.000000,0.000000,0.000000,0.000000,0.000000,0.000000,0.000000,0.000000,0.000000
00:00:01:58,61,0.000000,0.000000,0.000000,0.000000,0.000000,0.000000,0.000000,0.000000,0.000000,0.000000,0.000000,0.000000,0.000000,0.000000,0.000000,0.000000,0.000000,0.303700,0.000000,0.000700,0.000744,0.000000,0.000000,0.000000,0.000000,0.000000,0.000000,0.052200,0.052200,0.093900,0.093900,0.037700,0.000000,0.065300,0.000000,0.000030,0.000030,0.075000,0.075000,0.054500,0.054500,0.000000,0.000000,0.000000,0.000000,0.000000,0.000000,0.000000,0.000000,0.000000,0.000000,0.000396,0.000000,0.000000,0.000000,0.000000,0.000000,0.000000,0.000000,0.000000,0.000000
00:00:01:59,61,0.000000,0.000000,0.000000,0.000000,0.000000,0.000000,0.000000,0.000000,0.000000,0.000000,0.000000,0.000000,0.000000,0.000000,0.000000,0.000000,0.000000,0.295300,0.000000,0.000650,0.000691,0.000000,0.000000,0.000000,0.000000,0.000000,0.000000,0.056350,0.056350,0.127700,0.127700,0.033133,0.000000,0.057383,0.000000,0.000028,0.000028,0.091000,0.091000,0.075875,0.075875,0.000000,0.000000,0.000000,0.000000,0.000000,0.000000,0.000000,0.000000,0.000000,0.000000,0.000367,0.000000,0.000000,0.000000,0.000000,0.000000,0.000000,0.000000,0.000000,0.000000
00:00:02:00,61,0.000000,0.000000,0.000000,0.000000,0.000000,0.000000,0.000000,0.000000,0.000000,0.000000,0.000000,0.000000,0.000000,0.000000,0.000000,0.000000,0.000000,0.286900,0.000000,0.000600,0.000638,0.000000,0.000000,0.000000,0.000000,0.000000,0.000000,0.060500,0.060500,0.161500,0.161500,0.028567,0.000000,0.049467,0.000000,0.000026,0.000026,0.107000,0.107000,0.097250,0.097250,0.000000,0.000000,0.000000,0.000000,0.000000,0.000000,0.000000,0.000000,0.000000,0.000000,0.000339,0.000000,0.000000,0.000000,0.000000,0.000000,0.000000,0.000000,0.000000,0.000000
00:00:02:01,61,0.000000,0.000000,0.000000,0.000000,0.000000,0.000000,0.000000,0.000000,0.000000,0.000000,0.000000,0.000000,0.000000,0.000000,0.000000,0.000000,0.000000,0.241500,0.000000,0.000550,0.000584,0.000000,0.000000,0.000000,0.000000,0.000000,0.000000,0.052700,0.052700,0.177950,0.177950,0.024000,0.000000,0.041550,0.000000,0.000024,0.000024,0.120600,0.120600,0.118625,0.118625,0.000000,0.000000,0.000000,0.000000,0.000000,0.000000,0.000000,0.000000,0.000000,0.000000,0.000311,0.000000,0.000000,0.000000,0.000000,0.000000,0.000000,0.000000,0.000000,0.000000
00:00:02:02,61,0.000000,0.000000,0.000000,0.000000,0.000000,0.000000,0.000000,0.000000,0.000000,0.000000,0.000000,0.000000,0.000000,0.000000,0.000000,0.000000,0.000000,0.196100,0.000000,0.000500,0.000531,0.000000,0.000000,0.000000,0.000000,0.000000,0.000000,0.044900,0.044900,0.194400,0.194400,0.019433,0.000000,0.033633,0.000000,0.000022,0.000022,0.134200,0.134200,0.140000,0.140000,0.000000,0.000000,0.000000,0.000000,0.000000,0.000000,0.000000,0.000000,0.000000,0.000000,0.000283,0.000000,0.000000,0.000000,0.000000,0.000000,0.000000,0.000000,0.000000,0.000000
00:00:02:03,61,0.000000,0.000000,0.000000,0.000000,0.000000,0.000000,0.000000,0.000000,0.000000,0.000000,0.000000,0.000000,0.000000,0.000000,0.000000,0.000000,0.000000,0.189300,0.000000,0.000450,0.000478,0.000000,0.000000,0.000000,0.000000,0.000000,0.000000,0.044575,0.044575,0.188400,0.188400,0.014867,0.000000,0.025717,0.000000,0.000020,0.000020,0.127900,0.127900,0.130250,0.130250,0.000000,0.000000,0.000000,0.000000,0.000000,0.000000,0.000000,0.000000,0.000000,0.000000,0.000254,0.000000,0.000000,0.000000,0.000000,0.000000,0.000000,0.000000,0.000000,0.000000
00:00:02:04,61,0.000000,0.000000,0.000000,0.000000,0.000000,0.000000,0.000000,0.000000,0.000000,0.000000,0.000000,0.000000,0.000000,0.000000,0.000000,0.000000,0.000000,0.182500,0.000000,0.000400,0.000425,0.000000,0.000000,0.000000,0.000000,0.000000,0.000000,0.044250,0.044250,0.182400,0.182400,0.010300,0.000000,0.017800,0.000000,0.000017,0.000017,0.121600,0.121600,0.120500,0.120500,0.000000,0.000000,0.000000,0.000000,0.000000,0.000000,0.000000,0.000000,0.000000,0.000000,0.000226,0.000000,0.000000,0.000000,0.000000,0.000000,0.000000,0.000000,0.000000,0.000000
00:00:02:05,61,0.000000,0.000000,0.000000,0.000000,0.000000,0.000000,0.000000,0.000000,0.000000,0.000000,0.000000,0.000000,0.000000,0.000000,0.000000,0.000000,0.000000,0.170800,0.000000,0.000350,0.000372,0.000000,0.000000,0.000000,0.000000,0.000000,0.000000,0.043925,0.043925,0.157150,0.157150,0.009288,0.000000,0.016050,0.000000,0.000015,0.000015,0.097300,0.097300,0.096325,0.096325,0.000000,0.000000,0.000000,0.000000,0.000000,0.000000,0.000000,0.000000,0.000000,0.000000,0.000198,0.000000,0.000000,0.000000,0.000000,0.000000,0.000000,0.000000,0.000000,0.000000
00:00:02:06,61,0.000000,0.000000,0.000000,0.000000,0.000000,0.000000,0.000000,0.000000,0.000000,0.000000,0.000000,0.000000,0.000000,0.000000,0.000000,0.000000,0.000000,0.159100,0.000000,0.000300,0.000319,0.000000,0.000000,0.000000,0.000000,0.000000,0.000000,0.043600,0.043600,0.131900,0.131900,0.008275,0.000000,0.014300,0.000000,0.000013,0.000013,0.073000,0.073000,0.072150,0.072150,0.000000,0.000000,0.000000,0.000000,0.000000,0.000000,0.000000,0.000000,0.000000,0.000000,0.000170,0.000000,0.000000,0.000000,0.000000,0.000000,0.000000,0.000000,0.000000,0.000000
00:00:02:07,61,0.000000,0.000000,0.000000,0.000000,0.000000,0.000000,0.000000,0.000000,0.000000,0.000000,0.000000,0.000000,0.000000,0.000000,0.000000,0.000000,0.000000,0.145050,0.000000,0.000250,0.000266,0.000000,0.000000,0.000000,0.000000,0.000000,0.000000,0.040725,0.040725,0.102900,0.102900,0.007263,0.000000,0.012550,0.000000,0.000011,0.000011,0.049700,0.049700,0.047975,0.047975,0.000000,0.000000,0.000000,0.000000,0.000000,0.000000,0.000000,0.000000,0.000000,0.000000,0.000141,0.000000,0.000000,0.000000,0.000000,0.000000,0.000000,0.000000,0.000000,0.000000
00:00:02:08,61,0.000000,0.000000,0.000000,0.000000,0.000000,0.000000,0.000000,0.000000,0.000000,0.000000,0.000000,0.000000,0.000000,0.000000,0.000000,0.000000,0.000000,0.131000,0.000000,0.000200,0.000213,0.000000,0.000000,0.000000,0.000000,0.000000,0.000000,0.037850,0.037850,0.073900,0.073900,0.006250,0.000000,0.010800,0.000000,0.000009,0.000009,0.026400,0.026400,0.023800,0.023800,0.000000,0.000000,0.000000,0.000000,0.000000,0.000000,0.000000,0.000000,0.000000,0.000000,0.000113,0.000000,0.000000,0.000000,0.000000,0.000000,0.000000,0.000000,0.000000,0.000000
00:00:02:09,61,0.000000,0.000000,0.000000,0.000000,0.000000,0.000000,0.000000,0.000000,0.000000,0.000000,0.000000,0.000000,0.000000,0.000000,0.000000,0.000000,0.000000,0.123250,0.000000,0.000150,0.000159,0.000000,0.000000,0.000000,0.000000,0.000000,0.000000,0.034975,0.034975,0.065950,0.065950,0.005238,0.000000,0.009050,0.000000,0.000007,0.000007,0.022675,0.022675,0.019275,0.019275,0.000000,0.000000,0.000000,0.000000,0.000000,0.000000,0.000000,0.000000,0.000000,0.000000,0.000085,0.000000,0.000000,0.000000,0.000000,0.000000,0.000000,0.000000,0.000000,0.000000
00:00:02:10,61,0.000000,0.000000,0.000000,0.000000,0.000000,0.000000,0.000000,0.000000,0.000000,0.000000,0.000000,0.000000,0.000000,0.000000,0.000000,0.000000,0.000000,0.115500,0.000000,0.000100,0.000106,0.000000,0.000000,0.000000,0.000000,0.000000,0.000000,0.032100,0.032100,0.058000,0.058000,0.004225,0.000000,0.007300,0.000000,0.000004,0.000004,0.018950,0.018950,0.014750,0.014750,0.000000,0.000000,0.000000,0.000000,0.000000,0.000000,0.000000,0.000000,0.000000,0.000000,0.000057,0.000000,0.000000,0.000000,0.000000,0.000000,0.000000,0.000000,0.000000,0.000000
00:00:02:11,61,0.000000,0.000000,0.000000,0.000000,0.000000,0.000000,0.000000,0.000000,0.000000,0.000000,0.000000,0.000000,0.000000,0.000000,0.000000,0.000000,0.000000,0.118350,0.000000,0.000050,0.000053,0.000000,0.000000,0.000000,0.000000,0.000000,0.000000,0.034800,0.034800,0.058100,0.058100,0.003213,0.000000,0.005550,0.000000,0.000002,0.000002,0.015225,0.015225,0.010225,0.010225,0.000000,0.000000,0.000000,0.000000,0.000000,0.000000,0.000000,0.000000,0.000000,0.000000,0.000028,0.000000,0.000000,0.000000,0.000000,0.000000,0.000000,0.000000,0.000000,0.000000
00:00:02:12,61,0.000000,0.000000,0.000000,0.000000,0.000000,0.000000,0.000000,0.000000,0.000000,0.000000,0.000000,0.000000,0.000000,0.000000,0.000000,0.000000,0.000000,0.121200,0.000000,0.000000,0.000000,0.000000,0.000000,0.000000,0.000000,0.000000,0.000000,0.037500,0.037500,0.058200,0.058200,0.002200,0.000000,0.003800,0.000000,0.000000,0.000000,0.011500,0.011500,0.005700,0.005700,0.000000,0.000000,0.000000,0.000000,0.000000,0.000000,0.000000,0.000000,0.000000,0.000000,0.000000,0.000000,0.000000,0.000000,0.000000,0.000000,0.000000,0.000000,0.000000,0.000000
